pokedex_number,name,type1,type2,abilities,base_total,hp,attack,defense,speed,sp_attack,sp_defense,generation,is_legendary
1,Bulbasaur,grass,poison,"['Overgrow', ' Chlorophyll']",318,45,49,49,45,65,65,1,0
2,Ivysaur,grass,poison,"['Overgrow', ' Chlorophyll']",405,60,62,63,60,80,80,1,0
3,Venusaur,grass,poison,"['Overgrow', ' Chlorophyll']",625,80,100,123,80,122,120,1,0
4,Charmander,fire,,"['Blaze', ' Solar Power']",309,39,52,43,65,60,50,1,0
5,Charmeleon,fire,,"['Blaze', ' Solar Power']",405,58,64,58,80,80,65,1,0
6,Charizard,fire,flying,"['Blaze', ' Solar Power']",634,78,104,78,100,159,115,1,0
7,Squirtle,water,,"['Torrent', ' Rain Dish']",314,44,48,65,43,50,64,1,0
8,Wartortle,water,,"['Torrent', ' Rain Dish']",405,59,63,80,58,65,80,1,0
9,Blastoise,water,,"['Torrent', ' Rain Dish']",630,79,103,120,78,135,115,1,0
10,Caterpie,bug,,"['Shield Dust', ' Run Away']",195,45,30,35,45,20,20,1,0
11,Metapod,bug,,['Shed Skin'],205,50,20,55,30,25,25,1,0
12,Butterfree,bug,flying,"['Compoundeyes', ' Tinted Lens']",395,60,45,50,70,90,80,1,0
13,Weedle,bug,poison,"['Shield Dust', ' Run Away']",195,40,35,30,50,20,20,1,0
14,Kakuna,bug,poison,['Shed Skin'],205,45,25,50,35,25,25,1,0
15,Beedrill,bug,poison,"['Swarm', ' Sniper']",495,65,150,40,145,15,80,1,0
16,Pidgey,normal,flying,"['Keen Eye', ' Tangled Feet', ' Big Pecks']",251,40,45,40,56,35,35,1,0
17,Pidgeotto,normal,flying,"['Keen Eye', ' Tangled Feet', ' Big Pecks']",349,63,60,55,71,50,50,1,0
18,Pidgeot,normal,flying,"['Keen Eye', ' Tangled Feet', ' Big Pecks']",579,83,80,80,121,135,80,1,0
19,Rattata,normal,,"['Run Away', ' Guts', ' Hustle']",253,30,56,35,72,25,35,1,0
20,Raticate,normal,,"['Run Away', ' Guts', ' Hustle']",413,75,71,70,77,40,80,1,0
21,Spearow,normal,flying,"['Keen Eye', ' Sniper']",262,40,60,30,70,31,31,1,0
22,Fearow,normal,flying,"['Keen Eye', ' Sniper']",442,65,90,65,100,61,61,1,0
23,Ekans,poison,,"['Intimidate', ' Shed Skin', ' Unnerve']",288,35,60,44,55,40,54,1,0
24,Arbok,poison,,"['Intimidate', ' Shed Skin', ' Unnerve']",448,60,95,69,80,65,79,1,0
25,Pikachu,electric,,"['Static', ' Lightningrod']",320,35,55,40,90,50,50,1,0
26,Raichu,electric,,"['Static', ' Lightningrod']",485,60,85,50,110,95,85,1,0
27,Sandshrew,ground,,"['Sand Veil', ' Sand Rush']",300,50,75,90,40,10,35,1,0
28,Sandslash,ground,,"['Sand Veil', ' Sand Rush']",450,75,100,120,65,25,65,1,0
29,NidoranEE€,poison,,"['Poison Point', ' Rivalry', ' Hustle']",275,55,47,52,41,40,40,1,0
30,Nidorina,poison,,"['Poison Point', ' Rivalry', ' Hustle']",365,70,62,67,56,55,55,1,0
31,Nidoqueen,poison,ground,"['Poison Point', ' Rivalry', ' Sheer Force']",505,90,92,87,76,75,85,1,0
32,NidoranEEE,poison,,"['Poison Point', ' Rivalry', ' Hustle']",273,46,57,40,50,40,40,1,0
33,Nidorino,poison,,"['Poison Point', ' Rivalry', ' Hustle']",365,61,72,57,65,55,55,1,0
34,Nidoking,poison,ground,"['Poison Point', ' Rivalry', ' Sheer Force']",505,81,102,77,85,85,75,1,0
35,Clefairy,fairy,,"['Cute Charm', ' Magic Guard', ' Friend Guard']",323,70,45,48,35,60,65,1,0
36,Clefable,fairy,,"['Cute Charm', ' Magic Guard', ' Unaware']",483,95,70,73,60,95,90,1,0
37,Vulpix,fire,,"['Flash Fire', ' Drought']",299,38,41,40,65,50,65,1,0
38,Ninetales,fire,,"['Flash Fire', ' Drought']",505,73,67,75,109,81,100,1,0
39,Jigglypuff,normal,fairy,"['Cute Charm', ' Competitive', ' Friend Guard']",270,115,45,20,20,45,25,1,0
40,Wigglytuff,normal,fairy,"['Cute Charm', ' Competitive', ' Frisk']",435,140,70,45,45,85,50,1,0
41,Zubat,poison,flying,"['Inner Focus', ' Infiltrator']",245,40,45,35,55,30,40,1,0
42,Golbat,poison,flying,"['Inner Focus', ' Infiltrator']",455,75,80,70,90,65,75,1,0
43,Oddish,grass,poison,"['Chlorophyll', ' Run Away']",320,45,50,55,30,75,65,1,0
44,Gloom,grass,poison,"['Chlorophyll', ' Stench']",395,60,65,70,40,85,75,1,0
45,Vileplume,grass,poison,"['Chlorophyll', ' Effect Spore']",490,75,80,85,50,110,90,1,0
46,Paras,bug,grass,"['Effect Spore', ' Dry Skin', ' Damp']",285,35,70,55,25,45,55,1,0
47,Parasect,bug,grass,"['Effect Spore', ' Dry Skin', ' Damp']",405,60,95,80,30,60,80,1,0
48,Venonat,bug,poison,"['Compoundeyes', ' Tinted Lens', ' Run Away']",305,60,55,50,45,40,55,1,0
49,Venomoth,bug,poison,"['Shield Dust', ' Tinted Lens', ' Wonder Skin ']",450,70,65,60,90,90,75,1,0
50,Diglett,ground,,"['Sand Veil', ' Arena Trap', ' Sand Force']",265,10,55,30,90,35,45,1,0
51,Dugtrio,ground,,"['Sand Veil', ' Arena Trap', ' Sand Force']",425,35,100,60,110,50,70,1,0
52,Meowth,normal,,"['Pickup', ' Technician', ' Unnerve']",290,40,35,35,90,50,40,1,0
53,Persian,normal,,"['Limber', ' Technician', ' Unnerve']",440,65,60,60,115,75,65,1,0
54,Psyduck,water,,"['Damp', ' Cloud Nine', ' Swift Swim']",320,50,52,48,55,65,50,1,0
55,Golduck,water,,"['Damp', ' Cloud Nine', ' Swift Swim']",500,80,82,78,85,95,80,1,0
56,Mankey,fighting,,"['Vital Spirit', ' Anger Point', ' Defiant']",305,40,80,35,70,35,45,1,0
57,Primeape,fighting,,"['Vital Spirit', ' Anger Point', ' Defiant']",455,65,105,60,95,60,70,1,0
58,Growlithe,fire,,"['Intimidate', ' Flash Fire', ' Justified']",350,55,70,45,60,70,50,1,0
59,Arcanine,fire,,"['Intimidate', ' Flash Fire', ' Justified']",555,90,110,80,95,100,80,1,0
60,Poliwag,water,,"['Water Absorb', ' Damp', ' Swift Swim']",300,40,50,40,90,40,40,1,0
61,Poliwhirl,water,,"['Water Absorb', ' Damp', ' Swift Swim']",385,65,65,65,90,50,50,1,0
62,Poliwrath,water,fighting,"['Water Absorb', ' Damp', ' Swift Swim']",510,90,95,95,70,70,90,1,0
63,Abra,psychic,,"['Synchronize', ' Inner Focus', ' Magic Guard']",310,25,20,15,90,105,55,1,0
64,Kadabra,psychic,,"['Synchronize', ' Inner Focus', ' Magic Guard']",400,40,35,30,105,120,70,1,0
65,Alakazam,psychic,,"['Synchronize', ' Inner Focus', ' Magic Guard']",600,55,50,65,150,175,105,1,0
66,Machop,fighting,,"['Guts', ' No Guard', ' Steadfast']",305,70,80,50,35,35,35,1,0
67,Machoke,fighting,,"['Guts', ' No Guard', ' Steadfast']",405,80,100,70,45,50,60,1,0
68,Machamp,fighting,,"['Guts', ' No Guard', ' Steadfast']",505,90,130,80,55,65,85,1,0
69,Bellsprout,grass,poison,"['Chlorophyll', ' Gluttony']",300,50,75,35,40,70,30,1,0
70,Weepinbell,grass,poison,"['Chlorophyll', ' Gluttony']",390,65,90,50,55,85,45,1,0
71,Victreebel,grass,poison,"['Chlorophyll', ' Gluttony']",490,80,105,65,70,100,70,1,0
72,Tentacool,water,poison,"['Clear Body', ' Liquid Ooze', ' Rain Dish']",335,40,40,35,70,50,100,1,0
73,Tentacruel,water,poison,"['Clear Body', ' Liquid Ooze', ' Rain Dish']",515,80,70,65,100,80,120,1,0
74,Geodude,rock,ground,"['Rock Head', ' Sturdy', ' Sand Veil']",300,40,80,100,20,30,30,1,0
75,Graveler,rock,ground,"['Rock Head', ' Sturdy', ' Sand Veil']",390,55,95,115,35,45,45,1,0
76,Golem,rock,ground,"['Rock Head', ' Sturdy', ' Sand Veil']",495,80,120,130,45,55,65,1,0
77,Ponyta,fire,,"['Run Away', ' Flash Fire', ' Flame Body']",410,50,85,55,90,65,65,1,0
78,Rapidash,fire,,"['Run Away', ' Flash Fire', ' Flame Body']",500,65,100,70,105,80,80,1,0
79,Slowpoke,water,psychic,"['Oblivious', ' Own Tempo', ' Regenerator']",315,90,65,65,15,40,40,1,0
80,Slowbro,water,psychic,"['Oblivious', ' Own Tempo', ' Regenerator']",590,95,75,180,30,130,80,1,0
81,Magnemite,electric,steel,"['Magnet Pull', ' Sturdy', ' Analytic']",325,25,35,70,45,95,55,1,0
82,Magneton,electric,steel,"['Magnet Pull', ' Sturdy', ' Analytic']",465,50,60,95,70,120,70,1,0
83,Farfetch'd,normal,flying,"['Keen Eye', ' Inner Focus', ' Defiant']",377,52,90,55,60,58,62,1,0
84,Doduo,normal,flying,"['Run Away', ' Early Bird', ' Tangled Feet']",310,35,85,45,75,35,35,1,0
85,Dodrio,normal,flying,"['Run Away', ' Early Bird', ' Tangled Feet']",470,60,110,70,110,60,60,1,0
86,Seel,water,,"['Thick Fat', ' Hydration', ' Ice Body']",325,65,45,55,45,45,70,1,0
87,Dewgong,water,ice,"['Thick Fat', ' Hydration', ' Ice Body']",475,90,70,80,70,70,95,1,0
88,Grimer,poison,,"['Stench', ' Sticky Hold', ' Poison Touch']",325,80,80,50,25,40,50,1,0
89,Muk,poison,,"['Stench', ' Sticky Hold', ' Poison Touch']",500,105,105,75,50,65,100,1,0
90,Shellder,water,,"['Shell Armor', ' Skill Link', ' Overcoat']",305,30,65,100,40,45,25,1,0
91,Cloyster,water,ice,"['Shell Armor', ' Skill Link', ' Overcoat']",525,50,95,180,70,85,45,1,0
92,Gastly,ghost,poison,['Levitate'],310,30,35,30,80,100,35,1,0
93,Haunter,ghost,poison,['Levitate'],405,45,50,45,95,115,55,1,0
94,Gengar,ghost,poison,['Cursed Body'],600,60,65,80,130,170,95,1,0
95,Onix,rock,ground,"['Rock Head', ' Sturdy', ' Weak Armor']",385,35,45,160,70,30,45,1,0
96,Drowzee,psychic,,"['Insomnia', ' Forewarn', ' Inner Focus']",328,60,48,45,42,43,90,1,0
97,Hypno,psychic,,"['Insomnia', ' Forewarn', ' Inner Focus']",483,85,73,70,67,73,115,1,0
98,Krabby,water,,"['Hyper Cutter', ' Shell Armor', ' Sheer Force']",325,30,105,90,50,25,25,1,0
99,Kingler,water,,"['Hyper Cutter', ' Shell Armor', ' Sheer Force']",475,55,130,115,75,50,50,1,0
100,Voltorb,electric,,"['Soundproof', ' Static', ' Aftermath']",330,40,30,50,100,55,55,1,0
101,Electrode,electric,,"['Soundproof', ' Static', ' Aftermath']",490,60,50,70,150,80,80,1,0
102,Exeggcute,grass,psychic,"['Chlorophyll', ' Harvest']",325,60,40,80,40,60,45,1,0
103,Exeggutor,grass,psychic,"['Chlorophyll', ' Harvest']",530,95,105,85,45,125,75,1,0
104,Cubone,ground,,"['Rock Head', ' Lightningrod', ' Battle Armor']",320,50,50,95,35,40,50,1,0
105,Marowak,ground,,"['Rock Head', ' Lightningrod', ' Battle Armor']",425,60,80,110,45,50,80,1,0
106,Hitmonlee,fighting,,"['Limber', ' Reckless', ' Unburden']",455,50,120,53,87,35,110,1,0
107,Hitmonchan,fighting,,"['Keen Eye', ' Iron Fist', ' Inner Focus']",455,50,105,79,76,35,110,1,0
108,Lickitung,normal,,"['Own Tempo', ' Oblivious', ' Cloud Nine']",385,90,55,75,30,60,75,1,0
109,Koffing,poison,,['Levitate'],340,40,65,95,35,60,45,1,0
110,Weezing,poison,,['Levitate'],490,65,90,120,60,85,70,1,0
111,Rhyhorn,ground,rock,"['Lightningrod', ' Rock Head', ' Reckless']",345,80,85,95,25,30,30,1,0
112,Rhydon,ground,rock,"['Lightningrod', ' Rock Head', ' Reckless']",485,105,130,120,40,45,45,1,0
113,Chansey,normal,,"['Natural Cure', ' Serene Grace', ' Healer']",450,250,5,5,50,35,105,1,0
114,Tangela,grass,,"['Chlorophyll', ' Leaf Guard', ' Regenerator']",435,65,55,115,60,100,40,1,0
115,Kangaskhan,normal,,"['Early Bird', ' Scrappy', ' Inner Focus']",590,105,125,100,100,60,100,1,0
116,Horsea,water,,"['Swift Swim', ' Sniper', ' Damp']",295,30,40,70,60,70,25,1,0
117,Seadra,water,,"['Poison Point', ' Sniper', ' Damp']",440,55,65,95,85,95,45,1,0
118,Goldeen,water,,"['Swift Swim', ' Water Veil', ' Lightningrod']",320,45,67,60,63,35,50,1,0
119,Seaking,water,,"['Swift Swim', ' Water Veil', ' Lightningrod']",450,80,92,65,68,65,80,1,0
120,Staryu,water,,"['Illuminate', ' Natural Cure', ' Analytic']",340,30,45,55,85,70,55,1,0
121,Starmie,water,psychic,"['Illuminate', ' Natural Cure', ' Analytic']",520,60,75,85,115,100,85,1,0
122,Mr. Mime,psychic,fairy,"['Soundproof', ' Filter', ' Technician']",460,40,45,65,90,100,120,1,0
123,Scyther,bug,flying,"['Swarm', ' Technician', ' Steadfast']",500,70,110,80,105,55,80,1,0
124,Jynx,ice,psychic,"['Oblivious', ' Forewarn', ' Dry Skin']",455,65,50,35,95,115,95,1,0
125,Electabuzz,electric,,"['Static', ' Vital Spirit']",490,65,83,57,105,95,85,1,0
126,Magmar,fire,,"['Flame Body', ' Vital Spirit']",495,65,95,57,93,100,85,1,0
127,Pinsir,bug,,"['Hyper Cutter', ' Mold Breaker', ' Moxie']",600,65,155,120,105,65,90,1,0
128,Tauros,normal,,"['Intimidate', ' Anger Point', ' Sheer Force']",490,75,100,95,110,40,70,1,0
129,Magikarp,water,,"['Swift Swim', ' Rattled']",200,20,10,55,80,15,20,1,0
130,Gyarados,water,flying,"['Intimidate', ' Moxie']",640,95,155,109,81,70,130,1,0
131,Lapras,water,ice,"['Water Absorb', ' Shell Armor', ' Hydration']",535,130,85,80,60,85,95,1,0
132,Ditto,normal,,"['Limber', ' Imposter']",288,48,48,48,48,48,48,1,0
133,Eevee,normal,,"['Run Away', ' Adaptability', ' Anticipation']",325,55,55,50,55,45,65,1,0
134,Vaporeon,water,,"['Water Absorb', ' Hydration']",525,130,65,60,65,110,95,1,0
135,Jolteon,electric,,"['Volt Absorb', ' Quick Feet']",525,65,65,60,130,110,95,1,0
136,Flareon,fire,,"['Flash Fire', ' Guts']",525,65,130,60,65,95,110,1,0
137,Porygon,normal,,"['Trace', ' Download', ' Analytic']",395,65,60,70,40,85,75,1,0
138,Omanyte,rock,water,"['Swift Swim', ' Shell Armor', ' Weak Armor']",355,35,40,100,35,90,55,1,0
139,Omastar,rock,water,"['Swift Swim', ' Shell Armor', ' Weak Armor']",495,70,60,125,55,115,70,1,0
140,Kabuto,rock,water,"['Swift Swim', ' Battle Armor', ' Weak Armor']",355,30,80,90,55,55,45,1,0
141,Kabutops,rock,water,"['Swift Swim', ' Battle Armor', ' Weak Armor']",495,60,115,105,80,65,70,1,0
142,Aerodactyl,rock,flying,"['Rock Head', ' Pressure', ' Unnerve']",615,80,135,85,150,70,95,1,0
143,Snorlax,normal,,"['Immunity', ' Thick Fat', ' Gluttony']",540,160,110,65,30,65,110,1,0
144,Articuno,ice,flying,"['Pressure', ' Snow Cloak']",580,90,85,100,85,95,125,1,1
145,Zapdos,electric,flying,"['Pressure', ' Static']",580,90,90,85,100,125,90,1,1
146,Moltres,fire,flying,"['Pressure', ' Flame Body']",580,90,100,90,90,125,85,1,1
147,Dratini,dragon,,"['Shed Skin', ' Marvel Scale']",300,41,64,45,50,50,50,1,0
148,Dragonair,dragon,,"['Shed Skin', ' Marvel Scale']",420,61,84,65,70,70,70,1,0
149,Dragonite,dragon,flying,"['Inner Focus', ' Multiscale']",600,91,134,95,80,100,100,1,0
150,Mewtwo,psychic,,"['Pressure', ' Unnerve']",780,106,150,70,140,194,120,1,1
151,Mew,psychic,,['Synchronize'],600,100,100,100,100,100,100,1,1
152,Chikorita,grass,,"['Overgrow', ' Leaf Guard']",318,45,49,65,45,49,65,2,0
153,Bayleef,grass,,"['Overgrow', ' Leaf Guard']",405,60,62,80,60,63,80,2,0
154,Meganium,grass,,"['Overgrow', ' Leaf Guard']",525,80,82,100,80,83,100,2,0
155,Cyndaquil,fire,,"['Blaze', ' Flash Fire']",309,39,52,43,65,60,50,2,0
156,Quilava,fire,,"['Blaze', ' Flash Fire']",405,58,64,58,80,80,65,2,0
157,Typhlosion,fire,,"['Blaze', ' Flash Fire']",534,78,84,78,100,109,85,2,0
158,Totodile,water,,"['Torrent', ' Sheer Force']",314,50,65,64,43,44,48,2,0
159,Croconaw,water,,"['Torrent', ' Sheer Force']",405,65,80,80,58,59,63,2,0
160,Feraligatr,water,,"['Torrent', ' Sheer Force']",530,85,105,100,78,79,83,2,0
161,Sentret,normal,,"['Run Away', ' Keen Eye', ' Frisk']",215,35,46,34,20,35,45,2,0
162,Furret,normal,,"['Run Away', ' Keen Eye', ' Frisk']",415,85,76,64,90,45,55,2,0
163,Hoothoot,normal,flying,"['Insomnia', ' Keen Eye', ' Tinted Lens']",262,60,30,30,50,36,56,2,0
164,Noctowl,normal,flying,"['Insomnia', ' Keen Eye', ' Tinted Lens']",452,100,50,50,70,86,96,2,0
165,Ledyba,bug,flying,"['Swarm', ' Early Bird', ' Rattled']",265,40,20,30,55,40,80,2,0
166,Ledian,bug,flying,"['Swarm', ' Early Bird', ' Iron Fist']",390,55,35,50,85,55,110,2,0
167,Spinarak,bug,poison,"['Swarm', ' Insomnia', ' Sniper']",250,40,60,40,30,40,40,2,0
168,Ariados,bug,poison,"['Swarm', ' Insomnia', ' Sniper']",400,70,90,70,40,60,70,2,0
169,Crobat,poison,flying,"['Inner Focus', ' Infiltrator']",535,85,90,80,130,70,80,2,0
170,Chinchou,water,electric,"['Volt Absorb', ' Illuminate', ' Water Absorb']",330,75,38,38,67,56,56,2,0
171,Lanturn,water,electric,"['Volt Absorb', ' Illuminate', ' Water Absorb']",460,125,58,58,67,76,76,2,0
172,Pichu,electric,,"['Static', ' Lightningrod']",205,20,40,15,60,35,35,2,0
173,Cleffa,fairy,,"['Cute Charm', ' Magic Guard', ' Friend Guard']",218,50,25,28,15,45,55,2,0
174,Igglybuff,normal,fairy,"['Cute Charm', ' Competitive', ' Friend Guard']",210,90,30,15,15,40,20,2,0
175,Togepi,fairy,,"['Hustle', ' Serene Grace', ' Super Luck']",245,35,20,65,20,40,65,2,0
176,Togetic,fairy,flying,"['Hustle', ' Serene Grace', ' Super Luck']",405,55,40,85,40,80,105,2,0
177,Natu,psychic,flying,"['Synchronize', ' Early Bird', ' Magic Bounce']",320,40,50,45,70,70,45,2,0
178,Xatu,psychic,flying,"['Synchronize', ' Early Bird', ' Magic Bounce']",470,65,75,70,95,95,70,2,0
179,Mareep,electric,,"['Static', ' Plus']",280,55,40,40,35,65,45,2,0
180,Flaaffy,electric,,"['Static', ' Plus']",365,70,55,55,45,80,60,2,0
181,Ampharos,electric,,"['Static', ' Plus']",610,90,95,105,45,165,110,2,0
182,Bellossom,grass,,"['Chlorophyll', ' Healer']",490,75,80,95,50,90,100,2,0
183,Marill,water,fairy,"['Thick Fat', ' Huge Power', ' Sap Sipper']",250,70,20,50,40,20,50,2,0
184,Azumarill,water,fairy,"['Thick Fat', ' Huge Power', ' Sap Sipper']",420,100,50,80,50,60,80,2,0
185,Sudowoodo,rock,,"['Sturdy', ' Rock Head', ' Rattled']",410,70,100,115,30,30,65,2,0
186,Politoed,water,,"['Water Absorb', ' Damp', ' Drizzle']",500,90,75,75,70,90,100,2,0
187,Hoppip,grass,flying,"['Chlorophyll', ' Leaf Guard', ' Infiltrator']",250,35,35,40,50,35,55,2,0
188,Skiploom,grass,flying,"['Chlorophyll', ' Leaf Guard', ' Infiltrator']",340,55,45,50,80,45,65,2,0
189,Jumpluff,grass,flying,"['Chlorophyll', ' Leaf Guard', ' Infiltrator']",460,75,55,70,110,55,95,2,0
190,Aipom,normal,,"['Run Away', ' Pickup', ' Skill Link']",360,55,70,55,85,40,55,2,0
191,Sunkern,grass,,"['Chlorophyll', ' Solar Power', ' Early Bird']",180,30,30,30,30,30,30,2,0
192,Sunflora,grass,,"['Chlorophyll', ' Solar Power', ' Early Bird']",425,75,75,55,30,105,85,2,0
193,Yanma,bug,flying,"['Speed Boost', ' Compoundeyes', ' Frisk']",390,65,65,45,95,75,45,2,0
194,Wooper,water,ground,"['Damp', ' Water Absorb', ' Unaware']",210,55,45,45,15,25,25,2,0
195,Quagsire,water,ground,"['Damp', ' Water Absorb', ' Unaware']",430,95,85,85,35,65,65,2,0
196,Espeon,psychic,,"['Synchronize', ' Magic Bounce']",525,65,65,60,110,130,95,2,0
197,Umbreon,dark,,"['Synchronize', ' Inner Focus']",525,95,65,110,65,60,130,2,0
198,Murkrow,dark,flying,"['Insomnia', ' Super Luck', ' Prankster']",405,60,85,42,91,85,42,2,0
199,Slowking,water,psychic,"['Oblivious', ' Own Tempo', ' Regenerator']",490,95,75,80,30,100,110,2,0
200,Misdreavus,ghost,,['Levitate'],435,60,60,60,85,85,85,2,0
201,Unown,psychic,,['Levitate'],336,48,72,48,48,72,48,2,0
202,Wobbuffet,psychic,,"['Shadow Tag', ' Telepathy']",405,190,33,58,33,33,58,2,0
203,Girafarig,normal,psychic,"['Inner Focus', ' Early Bird', ' Sap Sipper']",455,70,80,65,85,90,65,2,0
204,Pineco,bug,,"['Sturdy', ' Overcoat']",290,50,65,90,15,35,35,2,0
205,Forretress,bug,steel,"['Sturdy', ' Overcoat']",465,75,90,140,40,60,60,2,0
206,Dunsparce,normal,,"['Serene Grace', ' Run Away', ' Rattled']",415,100,70,70,45,65,65,2,0
207,Gligar,ground,flying,"['Hyper Cutter', ' Sand Veil', ' Immunity']",430,65,75,105,85,35,65,2,0
208,Steelix,steel,ground,"['Rock Head', ' Sturdy', ' Sheer Force']",610,75,125,230,30,55,95,2,0
209,Snubbull,fairy,,"['Intimidate', ' Run Away', ' Rattled']",300,60,80,50,30,40,40,2,0
210,Granbull,fairy,,"['Intimidate', ' Quick Feet', ' Rattled']",450,90,120,75,45,60,60,2,0
211,Qwilfish,water,poison,"['Poison Point', ' Swift Swim', ' Intimidate']",440,65,95,85,85,55,55,2,0
212,Scizor,bug,steel,"['Swarm', ' Technician', ' Light Metal']",600,70,150,140,75,65,100,2,0
213,Shuckle,bug,rock,"['Sturdy', ' Gluttony', ' Contrary']",505,20,10,230,5,10,230,2,0
214,Heracross,bug,fighting,"['Swarm', ' Guts', ' Moxie']",600,80,185,115,75,40,105,2,0
215,Sneasel,dark,ice,"['Inner Focus', ' Keen Eye', ' Pickpocket']",430,55,95,55,115,35,75,2,0
216,Teddiursa,normal,,"['Pickup', ' Quick Feet', ' Honey Gather']",330,60,80,50,40,50,50,2,0
217,Ursaring,normal,,"['Guts', ' Quick Feet', ' Unnerve']",500,90,130,75,55,75,75,2,0
218,Slugma,fire,,"['Magma Armor', ' Flame Body', ' Weak Armor']",250,40,40,40,20,70,40,2,0
219,Magcargo,fire,rock,"['Magma Armor', ' Flame Body', ' Weak Armor']",430,60,50,120,30,90,80,2,0
220,Swinub,ice,ground,"['Oblivious', ' Snow Cloak', ' Thick Fat']",250,50,50,40,50,30,30,2,0
221,Piloswine,ice,ground,"['Oblivious', ' Snow Cloak', ' Thick Fat']",450,100,100,80,50,60,60,2,0
222,Corsola,water,rock,"['Hustle', ' Natural Cure', ' Regenerator']",410,65,55,95,35,65,95,2,0
223,Remoraid,water,,"['Hustle', ' Sniper', ' Moody']",300,35,65,35,65,65,35,2,0
224,Octillery,water,,"['Suction Cups', ' Sniper', ' Moody']",480,75,105,75,45,105,75,2,0
225,Delibird,ice,flying,"['Vital Spirit', ' Hustle', ' Insomnia']",330,45,55,45,75,65,45,2,0
226,Mantine,water,flying,"['Swift Swim', ' Water Absorb', ' Water Veil']",485,85,40,70,70,80,140,2,0
227,Skarmory,steel,flying,"['Keen Eye', ' Sturdy', ' Weak Armor']",465,65,80,140,70,40,70,2,0
228,Houndour,dark,fire,"['Early Bird', ' Flash Fire', ' Unnerve']",330,45,60,30,65,80,50,2,0
229,Houndoom,dark,fire,"['Early Bird', ' Flash Fire', ' Unnerve']",600,75,90,90,115,140,90,2,0
230,Kingdra,water,dragon,"['Swift Swim', ' Sniper', ' Damp']",540,75,95,95,85,95,95,2,0
231,Phanpy,ground,,"['Pickup', ' Sand Veil']",330,90,60,60,40,40,40,2,0
232,Donphan,ground,,"['Sturdy', ' Sand Veil']",500,90,120,120,50,60,60,2,0
233,Porygon2,normal,,"['Trace', ' Download', ' Analytic']",515,85,80,90,60,105,95,2,0
234,Stantler,normal,,"['Intimidate', ' Frisk', ' Sap Sipper']",465,73,95,62,85,85,65,2,0
235,Smeargle,normal,,"['Own Tempo', ' Technician', ' Moody']",250,55,20,35,75,20,45,2,0
236,Tyrogue,fighting,,"['Guts', ' Steadfast', ' Vital Spirit']",210,35,35,35,35,35,35,2,0
237,Hitmontop,fighting,,"['Intimidate', ' Technician', ' Steadfast']",455,50,95,95,70,35,110,2,0
238,Smoochum,ice,psychic,"['Oblivious', ' Forewarn', ' Hydration']",305,45,30,15,65,85,65,2,0
239,Elekid,electric,,"['Static', ' Vital Spirit']",360,45,63,37,95,65,55,2,0
240,Magby,fire,,"['Flame Body', ' Vital Spirit']",365,45,75,37,83,70,55,2,0
241,Miltank,normal,,"['Thick Fat', ' Scrappy', ' Sap Sipper']",490,95,80,105,100,40,70,2,0
242,Blissey,normal,,"['Natural Cure', ' Serene Grace', ' Healer']",540,255,10,10,55,75,135,2,0
243,Raikou,electric,,"['Pressure', ' Inner Focus']",580,90,85,75,115,115,100,2,1
244,Entei,fire,,"['Pressure', ' Inner Focus']",580,115,115,85,100,90,75,2,1
245,Suicune,water,,"['Pressure', ' Inner Focus']",580,100,75,115,85,90,115,2,1
246,Larvitar,rock,ground,"['Guts', ' Sand Veil']",300,50,64,50,41,45,50,2,0
247,Pupitar,rock,ground,['Shed Skin'],410,70,84,70,51,65,70,2,0
248,Tyranitar,rock,dark,"['Sand Stream', ' Unnerve']",700,100,164,150,71,95,120,2,0
249,Lugia,psychic,flying,"['Pressure', ' Multiscale']",680,106,90,130,110,90,154,2,1
250,Ho-Oh,fire,flying,"['Pressure', ' Regenerator']",680,106,130,90,90,110,154,2,1
251,Celebi,psychic,grass,['Natural Cure'],600,100,100,100,100,100,100,2,1
252,Treecko,grass,,"['Overgrow', ' Unburden']",310,40,45,35,70,65,55,3,0
253,Grovyle,grass,,"['Overgrow', ' Unburden']",405,50,65,45,95,85,65,3,0
254,Sceptile,grass,,"['Overgrow', ' Unburden']",630,70,110,75,145,145,85,3,0
255,Torchic,fire,,"['Blaze', ' Speed Boost']",310,45,60,40,45,70,50,3,0
256,Combusken,fire,fighting,"['Blaze', ' Speed Boost']",405,60,85,60,55,85,60,3,0
257,Blaziken,fire,fighting,"['Blaze', ' Speed Boost']",630,80,160,80,100,130,80,3,0
258,Mudkip,water,,"['Torrent', ' Damp']",310,50,70,50,40,50,50,3,0
259,Marshtomp,water,ground,"['Torrent', ' Damp']",405,70,85,70,50,60,70,3,0
260,Swampert,water,ground,"['Torrent', ' Damp']",635,100,150,110,70,95,110,3,0
261,Poochyena,dark,,"['Run Away', ' Quick Feet', ' Rattled']",220,35,55,35,35,30,30,3,0
262,Mightyena,dark,,"['Intimidate', ' Quick Feet', ' Moxie']",420,70,90,70,70,60,60,3,0
263,Zigzagoon,normal,,"['Pickup', ' Gluttony', ' Quick Feet']",240,38,30,41,60,30,41,3,0
264,Linoone,normal,,"['Pickup', ' Gluttony', ' Quick Feet']",420,78,70,61,100,50,61,3,0
265,Wurmple,bug,,"['Shield Dust', ' Run Away']",195,45,45,35,20,20,30,3,0
266,Silcoon,bug,,['Shed Skin'],205,50,35,55,15,25,25,3,0
267,Beautifly,bug,flying,"['Swarm', ' Rivalry']",395,60,70,50,65,100,50,3,0
268,Cascoon,bug,,['Shed Skin'],205,50,35,55,15,25,25,3,0
269,Dustox,bug,poison,"['Shield Dust', ' Compoundeyes']",385,60,50,70,65,50,90,3,0
270,Lotad,water,grass,"['Swift Swim', ' Rain Dish', ' Own Tempo']",220,40,30,30,30,40,50,3,0
271,Lombre,water,grass,"['Swift Swim', ' Rain Dish', ' Own Tempo']",340,60,50,50,50,60,70,3,0
272,Ludicolo,water,grass,"['Swift Swim', ' Rain Dish', ' Own Tempo']",480,80,70,70,70,90,100,3,0
273,Seedot,grass,,"['Chlorophyll', ' Early Bird', ' Pickpocket']",220,40,40,50,30,30,30,3,0
274,Nuzleaf,grass,dark,"['Chlorophyll', ' Early Bird', ' Pickpocket']",340,70,70,40,60,60,40,3,0
275,Shiftry,grass,dark,"['Chlorophyll', ' Early Bird', ' Pickpocket']",480,90,100,60,80,90,60,3,0
276,Taillow,normal,flying,"['Guts', ' Scrappy']",270,40,55,30,85,30,30,3,0
277,Swellow,normal,flying,"['Guts', ' Scrappy']",455,60,85,60,125,75,50,3,0
278,Wingull,water,flying,"['Keen Eye', ' Hydration', ' Rain Dish']",270,40,30,30,85,55,30,3,0
279,Pelipper,water,flying,"['Keen Eye', ' Drizzle', ' Rain Dish']",440,60,50,100,65,95,70,3,0
280,Ralts,psychic,fairy,"['Synchronize', ' Trace', ' Telepathy']",198,28,25,25,40,45,35,3,0
281,Kirlia,psychic,fairy,"['Synchronize', ' Trace', ' Telepathy']",278,38,35,35,50,65,55,3,0
282,Gardevoir,psychic,fairy,"['Synchronize', ' Trace', ' Telepathy']",618,68,85,65,100,165,135,3,0
283,Surskit,bug,water,"['Swift Swim', ' Rain Dish']",269,40,30,32,65,50,52,3,0
284,Masquerain,bug,flying,"['Intimidate', ' Unnerve']",454,70,60,62,80,100,82,3,0
285,Shroomish,grass,,"['Effect Spore', ' Poison Heal', ' Quick Feet']",295,60,40,60,35,40,60,3,0
286,Breloom,grass,fighting,"['Effect Spore', ' Poison Heal', ' Technician']",460,60,130,80,70,60,60,3,0
287,Slakoth,normal,,['Truant'],280,60,60,60,30,35,35,3,0
288,Vigoroth,normal,,['Vital Spirit'],440,80,80,80,90,55,55,3,0
289,Slaking,normal,,['Truant'],670,150,160,100,100,95,65,3,0
290,Nincada,bug,ground,"['Compoundeyes', ' Run Away']",266,31,45,90,40,30,30,3,0
291,Ninjask,bug,flying,"['Speed Boost', ' Infiltrator']",456,61,90,45,160,50,50,3,0
292,Shedinja,bug,ghost,['Wonder Guard'],236,1,90,45,40,30,30,3,0
293,Whismur,normal,,"['Soundproof', ' Rattled']",240,64,51,23,28,51,23,3,0
294,Loudred,normal,,"['Soundproof', ' Scrappy']",360,84,71,43,48,71,43,3,0
295,Exploud,normal,,"['Soundproof', ' Scrappy']",490,104,91,63,68,91,73,3,0
296,Makuhita,fighting,,"['Thick Fat', ' Guts', ' Sheer Force']",237,72,60,30,25,20,30,3,0
297,Hariyama,fighting,,"['Thick Fat', ' Guts', ' Sheer Force']",474,144,120,60,50,40,60,3,0
298,Azurill,normal,fairy,"['Thick Fat', ' Huge Power', ' Sap Sipper']",190,50,20,40,20,20,40,3,0
299,Nosepass,rock,,"['Sturdy', ' Magnet Pull', ' Sand Force']",375,30,45,135,30,45,90,3,0
300,Skitty,normal,,"['Cute Charm', ' Normalize', ' Wonder Skin ']",260,50,45,45,50,35,35,3,0
301,Delcatty,normal,,"['Cute Charm', ' Normalize', ' Wonder Skin ']",400,70,65,65,90,55,55,3,0
302,Sableye,dark,ghost,"['Keen Eye', ' Stall', ' Prankster']",480,50,85,125,20,85,115,3,0
303,Mawile,steel,fairy,"['Hyper Cutter', ' Intimidate', ' Sheer Force']",480,50,105,125,50,55,95,3,0
304,Aron,steel,rock,"['Sturdy', ' Rock Head', ' Heavy Metal']",330,50,70,100,30,40,40,3,0
305,Lairon,steel,rock,"['Sturdy', ' Rock Head', ' Heavy Metal']",430,60,90,140,40,50,50,3,0
306,Aggron,steel,rock,"['Sturdy', ' Rock Head', ' Heavy Metal']",630,70,140,230,50,60,80,3,0
307,Meditite,fighting,psychic,"['Pure Power', ' Telepathy']",280,30,40,55,60,40,55,3,0
308,Medicham,fighting,psychic,"['Pure Power', ' Telepathy']",510,60,100,85,100,80,85,3,0
309,Electrike,electric,,"['Static', ' Lightningrod', ' Minus']",295,40,45,40,65,65,40,3,0
310,Manectric,electric,,"['Static', ' Lightningrod', ' Minus']",575,70,75,80,135,135,80,3,0
311,Plusle,electric,,"['Plus', ' Lightningrod']",405,60,50,40,95,85,75,3,0
312,Minun,electric,,"['Minus', ' Volt Absorb']",405,60,40,50,95,75,85,3,0
313,Volbeat,bug,,"['Illuminate', ' Swarm', ' Prankster']",430,65,73,75,85,47,85,3,0
314,Illumise,bug,,"['Oblivious', ' Tinted Lens', ' Prankster']",430,65,47,75,85,73,85,3,0
315,Roselia,grass,poison,"['Natural Cure', ' Poison Point', ' Leaf Guard']",400,50,60,45,65,100,80,3,0
316,Gulpin,poison,,"['Liquid Ooze', ' Sticky Hold', ' Gluttony']",302,70,43,53,40,43,53,3,0
317,Swalot,poison,,"['Liquid Ooze', ' Sticky Hold', ' Gluttony']",467,100,73,83,55,73,83,3,0
318,Carvanha,water,dark,"['Rough Skin', ' Speed Boost']",305,45,90,20,65,65,20,3,0
319,Sharpedo,water,dark,"['Rough Skin', ' Speed Boost']",560,70,140,70,105,110,65,3,0
320,Wailmer,water,,"['Water Veil', ' Oblivious', ' Pressure']",400,130,70,35,60,70,35,3,0
321,Wailord,water,,"['Water Veil', ' Oblivious', ' Pressure']",500,170,90,45,60,90,45,3,0
322,Numel,fire,ground,"['Oblivious', ' Simple', ' Own Tempo']",305,60,60,40,35,65,45,3,0
323,Camerupt,fire,ground,"['Magma Armor', ' Solid Rock', ' Anger Point']",560,70,120,100,20,145,105,3,0
324,Torkoal,fire,,"['White Smoke', ' Drought', ' Shell Armor']",470,70,85,140,20,85,70,3,0
325,Spoink,psychic,,"['Thick Fat', ' Own Tempo', ' Gluttony']",330,60,25,35,60,70,80,3,0
326,Grumpig,psychic,,"['Thick Fat', ' Own Tempo', ' Gluttony']",470,80,45,65,80,90,110,3,0
327,Spinda,normal,,"['Own Tempo', ' Tangled Feet', ' Contrary']",360,60,60,60,60,60,60,3,0
328,Trapinch,ground,,"['Hyper Cutter', ' Arena Trap', ' Sheer Force']",290,45,100,45,10,45,45,3,0
329,Vibrava,ground,dragon,['Levitate'],340,50,70,50,70,50,50,3,0
330,Flygon,ground,dragon,['Levitate'],520,80,100,80,100,80,80,3,0
331,Cacnea,grass,,"['Sand Veil', ' Water Absorb']",335,50,85,40,35,85,40,3,0
332,Cacturne,grass,dark,"['Sand Veil', ' Water Absorb']",475,70,115,60,55,115,60,3,0
333,Swablu,normal,flying,"['Natural Cure', ' Cloud Nine']",310,45,40,60,50,40,75,3,0
334,Altaria,dragon,flying,"['Natural Cure', ' Cloud Nine']",590,75,110,110,80,110,105,3,0
335,Zangoose,normal,,"['Immunity', ' Toxic Boost']",458,73,115,60,90,60,60,3,0
336,Seviper,poison,,"['Shed Skin', ' Infiltrator']",458,73,100,60,65,100,60,3,0
337,Lunatone,rock,psychic,['Levitate'],460,90,55,65,70,95,85,3,0
338,Solrock,rock,psychic,['Levitate'],460,90,95,85,70,55,65,3,0
339,Barboach,water,ground,"['Oblivious', ' Anticipation', ' Hydration']",288,50,48,43,60,46,41,3,0
340,Whiscash,water,ground,"['Oblivious', ' Anticipation', ' Hydration']",468,110,78,73,60,76,71,3,0
341,Corphish,water,,"['Hyper Cutter', ' Shell Armor', ' Adaptability']",308,43,80,65,35,50,35,3,0
342,Crawdaunt,water,dark,"['Hyper Cutter', ' Shell Armor', ' Adaptability']",468,63,120,85,55,90,55,3,0
343,Baltoy,ground,psychic,['Levitate'],300,40,40,55,55,40,70,3,0
344,Claydol,ground,psychic,['Levitate'],500,60,70,105,75,70,120,3,0
345,Lileep,rock,grass,"['Suction Cups', ' Storm Drain']",355,66,41,77,23,61,87,3,0
346,Cradily,rock,grass,"['Suction Cups', ' Storm Drain']",495,86,81,97,43,81,107,3,0
347,Anorith,rock,bug,"['Battle Armor', ' Swift Swim']",355,45,95,50,75,40,50,3,0
348,Armaldo,rock,bug,"['Battle Armor', ' Swift Swim']",495,75,125,100,45,70,80,3,0
349,Feebas,water,,"['Swift Swim', ' Oblivious', ' Adaptability']",200,20,15,20,80,10,55,3,0
350,Milotic,water,,"['Marvel Scale', ' Competitive', ' Cute Charm']",540,95,60,79,81,100,125,3,0
351,Castform,normal,,['Forecast'],420,70,70,70,70,70,70,3,0
352,Kecleon,normal,,"['Color Change', ' Protean']",440,60,90,70,40,60,120,3,0
353,Shuppet,ghost,,"['Insomnia', ' Frisk', ' Cursed Body']",295,44,75,35,45,63,33,3,0
354,Banette,ghost,,"['Insomnia', ' Frisk', ' Cursed Body']",555,64,165,75,75,93,83,3,0
355,Duskull,ghost,,"['Levitate', ' Frisk']",295,20,40,90,25,30,90,3,0
356,Dusclops,ghost,,"['Pressure', ' Frisk']",455,40,70,130,25,60,130,3,0
357,Tropius,grass,flying,"['Chlorophyll', ' Solar Power', ' Harvest']",460,99,68,83,51,72,87,3,0
358,Chimecho,psychic,,['Levitate'],455,75,50,80,65,95,90,3,0
359,Absol,dark,,"['Pressure', ' Super Luck', ' Justified']",565,65,150,60,115,115,60,3,0
360,Wynaut,psychic,,"['Shadow Tag', ' Telepathy']",260,95,23,48,23,23,48,3,0
361,Snorunt,ice,,"['Inner Focus', ' Ice Body', ' Moody']",300,50,50,50,50,50,50,3,0
362,Glalie,ice,,"['Inner Focus', ' Ice Body', ' Moody']",580,80,120,80,100,120,80,3,0
363,Spheal,ice,water,"['Thick Fat', ' Ice Body', ' Oblivious']",290,70,40,50,25,55,50,3,0
364,Sealeo,ice,water,"['Thick Fat', ' Ice Body', ' Oblivious']",410,90,60,70,45,75,70,3,0
365,Walrein,ice,water,"['Thick Fat', ' Ice Body', ' Oblivious']",530,110,80,90,65,95,90,3,0
366,Clamperl,water,,"['Shell Armor', ' Rattled']",345,35,64,85,32,74,55,3,0
367,Huntail,water,,"['Swift Swim', ' Water Veil']",485,55,104,105,52,94,75,3,0
368,Gorebyss,water,,"['Swift Swim', ' Hydration']",485,55,84,105,52,114,75,3,0
369,Relicanth,water,rock,"['Swift Swim', ' Rock Head', ' Sturdy']",485,100,90,130,55,45,65,3,0
370,Luvdisc,water,,"['Swift Swim', ' Hydration']",330,43,30,55,97,40,65,3,0
371,Bagon,dragon,,"['Rock Head', ' Sheer Force']",300,45,75,60,50,40,30,3,0
372,Shelgon,dragon,,"['Rock Head', ' Overcoat']",420,65,95,100,50,60,50,3,0
373,Salamence,dragon,flying,"['Intimidate', ' Moxie']",700,95,145,130,120,120,90,3,0
374,Beldum,steel,psychic,"['Clear Body', ' Light Metal']",300,40,55,80,30,35,60,3,0
375,Metang,steel,psychic,"['Clear Body', ' Light Metal']",420,60,75,100,50,55,80,3,0
376,Metagross,steel,psychic,"['Clear Body', ' Light Metal']",700,80,145,150,110,105,110,3,0
377,Regirock,rock,,"['Clear Body', ' Sturdy']",580,80,100,200,50,50,100,3,1
378,Regice,ice,,"['Clear Body', ' Ice Body']",580,80,50,100,50,100,200,3,1
379,Registeel,steel,,"['Clear Body', ' Light Metal']",580,80,75,150,50,75,150,3,1
380,Latias,dragon,psychic,['Levitate'],700,80,100,120,110,140,150,3,1
381,Latios,dragon,psychic,['Levitate'],700,80,130,100,110,160,120,3,1
382,Kyogre,water,,['Drizzle'],770,100,150,90,90,180,160,3,1
383,Groudon,ground,,['Drought'],770,100,180,160,90,150,90,3,1
384,Rayquaza,dragon,flying,['Air Lock'],780,105,180,100,115,180,100,3,1
385,Jirachi,steel,psychic,['Serene Grace'],600,100,100,100,100,100,100,3,1
386,Deoxys,psychic,,['Pressure'],600,50,95,90,180,95,90,3,1
387,Turtwig,grass,,"['Overgrow', ' Shell Armor']",318,55,68,64,31,45,55,4,0
388,Grotle,grass,,"['Overgrow', ' Shell Armor']",405,75,89,85,36,55,65,4,0
389,Torterra,grass,ground,"['Overgrow', ' Shell Armor']",525,95,109,105,56,75,85,4,0
390,Chimchar,fire,,"['Blaze', ' Iron Fist']",309,44,58,44,61,58,44,4,0
391,Monferno,fire,fighting,"['Blaze', ' Iron Fist']",405,64,78,52,81,78,52,4,0
392,Infernape,fire,fighting,"['Blaze', ' Iron Fist']",534,76,104,71,108,104,71,4,0
393,Piplup,water,,"['Torrent', ' Defiant']",314,53,51,53,40,61,56,4,0
394,Prinplup,water,,"['Torrent', ' Defiant']",405,64,66,68,50,81,76,4,0
395,Empoleon,water,steel,"['Torrent', ' Defiant']",530,84,86,88,60,111,101,4,0
396,Starly,normal,flying,"['Keen Eye', ' Reckless']",245,40,55,30,60,30,30,4,0
397,Staravia,normal,flying,"['Intimidate', ' Reckless']",340,55,75,50,80,40,40,4,0
398,Staraptor,normal,flying,"['Intimidate', ' Reckless']",485,85,120,70,100,50,60,4,0
399,Bidoof,normal,,"['Simple', ' Unaware', ' Moody']",250,59,45,40,31,35,40,4,0
400,Bibarel,normal,water,"['Simple', ' Unaware', ' Moody']",410,79,85,60,71,55,60,4,0
401,Kricketot,bug,,"['Shed Skin', ' Run Away']",194,37,25,41,25,25,41,4,0
402,Kricketune,bug,,"['Swarm', ' Technician']",384,77,85,51,65,55,51,4,0
403,Shinx,electric,,"['Rivalry', ' Intimidate', ' Guts']",263,45,65,34,45,40,34,4,0
404,Luxio,electric,,"['Rivalry', ' Intimidate', ' Guts']",363,60,85,49,60,60,49,4,0
405,Luxray,electric,,"['Rivalry', ' Intimidate', ' Guts']",523,80,120,79,70,95,79,4,0
406,Budew,grass,poison,"['Natural Cure', ' Poison Point', ' Leaf Guard']",280,40,30,35,55,50,70,4,0
407,Roserade,grass,poison,"['Natural Cure', ' Poison Point', ' Technician']",515,60,70,65,90,125,105,4,0
408,Cranidos,rock,,"['Mold Breaker', ' Sheer Force']",350,67,125,40,58,30,30,4,0
409,Rampardos,rock,,"['Mold Breaker', ' Sheer Force']",495,97,165,60,58,65,50,4,0
410,Shieldon,rock,steel,"['Sturdy', ' Soundproof']",350,30,42,118,30,42,88,4,0
411,Bastiodon,rock,steel,"['Sturdy', ' Soundproof']",495,60,52,168,30,47,138,4,0
412,Burmy,bug,,"['Shed Skin', ' Overcoat']",224,40,29,45,36,29,45,4,0
413,Wormadam,bug,grass,"['Anticipation', ' Overcoat']",424,60,69,95,36,69,95,4,0
414,Mothim,bug,flying,"['Swarm', ' Tinted Lens']",424,70,94,50,66,94,50,4,0
415,Combee,bug,flying,"['Honey Gather', ' Hustle']",244,30,30,42,70,30,42,4,0
416,Vespiquen,bug,flying,"['Pressure', ' Unnerve']",474,70,80,102,40,80,102,4,0
417,Pachirisu,electric,,"['Run Away', ' Pickup', ' Volt Absorb']",405,60,45,70,95,45,90,4,0
418,Buizel,water,,"['Swift Swim', ' Water Veil']",330,55,65,35,85,60,30,4,0
419,Floatzel,water,,"['Swift Swim', ' Water Veil']",495,85,105,55,115,85,50,4,0
420,Cherubi,grass,,['Chlorophyll'],275,45,35,45,35,62,53,4,0
421,Cherrim,grass,,['Flower Gift'],450,70,60,70,85,87,78,4,0
422,Shellos,water,,"['Sticky Hold', ' Storm Drain', ' Sand Force']",325,76,48,48,34,57,62,4,0
423,Gastrodon,water,ground,"['Sticky Hold', ' Storm Drain', ' Sand Force']",475,111,83,68,39,92,82,4,0
424,Ambipom,normal,,"['Technician', ' Pickup', ' Skill Link']",482,75,100,66,115,60,66,4,0
425,Drifloon,ghost,flying,"['Aftermath', ' Unburden', ' Flare Boost']",348,90,50,34,70,60,44,4,0
426,Drifblim,ghost,flying,"['Aftermath', ' Unburden', ' Flare Boost']",498,150,80,44,80,90,54,4,0
427,Buneary,normal,,"['Run Away', ' Klutz', ' Limber']",350,55,66,44,85,44,56,4,0
428,Lopunny,normal,,"['Cute Charm', ' Klutz', ' Limber']",580,65,136,94,135,54,96,4,0
429,Mismagius,ghost,,['Levitate'],495,60,60,60,105,105,105,4,0
430,Honchkrow,dark,flying,"['Insomnia', ' Super Luck', ' Moxie']",505,100,125,52,71,105,52,4,0
431,Glameow,normal,,"['Limber', ' Own Tempo', ' Keen Eye']",310,49,55,42,85,42,37,4,0
432,Purugly,normal,,"['Thick Fat', ' Own Tempo', ' Defiant']",452,71,82,64,112,64,59,4,0
433,Chingling,psychic,,['Levitate'],285,45,30,50,45,65,50,4,0
434,Stunky,poison,dark,"['Stench', ' Aftermath', ' Keen Eye']",329,63,63,47,74,41,41,4,0
435,Skuntank,poison,dark,"['Stench', ' Aftermath', ' Keen Eye']",479,103,93,67,84,71,61,4,0
436,Bronzor,steel,psychic,"['Levitate', ' Heatproof', ' Heavy Metal']",300,57,24,86,23,24,86,4,0
437,Bronzong,steel,psychic,"['Levitate', ' Heatproof', ' Heavy Metal']",500,67,89,116,33,79,116,4,0
438,Bonsly,rock,,"['Sturdy', ' Rock Head', ' Rattled']",290,50,80,95,10,10,45,4,0
439,Mime Jr.,psychic,fairy,"['Soundproof', ' Filter', ' Technician']",310,20,25,45,60,70,90,4,0
440,Happiny,normal,,"['Natural Cure', ' Serene Grace', ' Friend Guard']",220,100,5,5,30,15,65,4,0
441,Chatot,normal,flying,"['Keen Eye', ' Tangled Feet', ' Big Pecks']",411,76,65,45,91,92,42,4,0
442,Spiritomb,ghost,dark,"['Pressure', ' Infiltrator']",485,50,92,108,35,92,108,4,0
443,Gible,dragon,ground,"['Sand Veil', ' Rough Skin']",300,58,70,45,42,40,45,4,0
444,Gabite,dragon,ground,"['Sand Veil', ' Rough Skin']",410,68,90,65,82,50,55,4,0
445,Garchomp,dragon,ground,"['Sand Veil', ' Rough Skin']",700,108,170,115,92,120,95,4,0
446,Munchlax,normal,,"['Pickup', ' Thick Fat', ' Gluttony']",390,135,85,40,5,40,85,4,0
447,Riolu,fighting,,"['Steadfast', ' Inner Focus', ' Prankster']",285,40,70,40,60,35,40,4,0
448,Lucario,fighting,steel,"['Steadfast', ' Inner Focus', ' Justified']",625,70,145,88,112,140,70,4,0
449,Hippopotas,ground,,"['Sand Stream', ' Sand Force']",330,68,72,78,32,38,42,4,0
450,Hippowdon,ground,,"['Sand Stream', ' Sand Force']",525,108,112,118,47,68,72,4,0
451,Skorupi,poison,bug,"['Battle Armor', ' Sniper', ' Keen Eye']",330,40,50,90,65,30,55,4,0
452,Drapion,poison,dark,"['Battle Armor', ' Sniper', ' Keen Eye']",500,70,90,110,95,60,75,4,0
453,Croagunk,poison,fighting,"['Anticipation', ' Dry Skin', ' Poison Touch']",300,48,61,40,50,61,40,4,0
454,Toxicroak,poison,fighting,"['Anticipation', ' Dry Skin', ' Poison Touch']",490,83,106,65,85,86,65,4,0
455,Carnivine,grass,,['Levitate'],454,74,100,72,46,90,72,4,0
456,Finneon,water,,"['Swift Swim', ' Storm Drain', ' Water Veil']",330,49,49,56,66,49,61,4,0
457,Lumineon,water,,"['Swift Swim', ' Storm Drain', ' Water Veil']",460,69,69,76,91,69,86,4,0
458,Mantyke,water,flying,"['Swift Swim', ' Water Absorb', ' Water Veil']",345,45,20,50,50,60,120,4,0
459,Snover,grass,ice,"['Snow Warning', ' Soundproof']",334,60,62,50,40,62,60,4,0
460,Abomasnow,grass,ice,"['Snow Warning', ' Soundproof']",594,90,132,105,30,132,105,4,0
461,Weavile,dark,ice,"['Pressure', ' Pickpocket']",510,70,120,65,125,45,85,4,0
462,Magnezone,electric,steel,"['Magnet Pull', ' Sturdy', ' Analytic']",535,70,70,115,60,130,90,4,0
463,Lickilicky,normal,,"['Own Tempo', ' Oblivious', ' Cloud Nine']",515,110,85,95,50,80,95,4,0
464,Rhyperior,ground,rock,"['Lightningrod', ' Solid Rock', ' Reckless']",535,115,140,130,40,55,55,4,0
465,Tangrowth,grass,,"['Chlorophyll', ' Leaf Guard', ' Regenerator']",535,100,100,125,50,110,50,4,0
466,Electivire,electric,,"['Motor Drive', ' Vital Spirit']",540,75,123,67,95,95,85,4,0
467,Magmortar,fire,,"['Flame Body', ' Vital Spirit']",540,75,95,67,83,125,95,4,0
468,Togekiss,fairy,flying,"['Hustle', ' Serene Grace', ' Super Luck']",545,85,50,95,80,120,115,4,0
469,Yanmega,bug,flying,"['Speed Boost', ' Tinted Lens', ' Frisk']",515,86,76,86,95,116,56,4,0
470,Leafeon,grass,,"['Leaf Guard', ' Chlorophyll']",525,65,110,130,95,60,65,4,0
471,Glaceon,ice,,"['Snow Cloak', ' Ice Body']",525,65,60,110,65,130,95,4,0
472,Gliscor,ground,flying,"['Hyper Cutter', ' Sand Veil', ' Poison Heal']",510,75,95,125,95,45,75,4,0
473,Mamoswine,ice,ground,"['Oblivious', ' Snow Cloak', ' Thick Fat']",530,110,130,80,80,70,60,4,0
474,Porygon-Z,normal,,"['Adaptability', ' Download', ' Analytic']",535,85,80,70,90,135,75,4,0
475,Gallade,psychic,fighting,"['Steadfast', ' Justified']",618,68,165,95,110,65,115,4,0
476,Probopass,rock,steel,"['Sturdy', ' Magnet Pull', ' Sand Force']",525,60,55,145,40,75,150,4,0
477,Dusknoir,ghost,,"['Pressure', ' Frisk']",525,45,100,135,45,65,135,4,0
478,Froslass,ice,ghost,"['Snow Cloak', ' Cursed Body']",480,70,80,70,110,80,70,4,0
479,Rotom,electric,ghost,['Levitate'],520,50,65,107,86,105,107,4,0
480,Uxie,psychic,,['Levitate'],580,75,75,130,95,75,130,4,1
481,Mesprit,psychic,,['Levitate'],580,80,105,105,80,105,105,4,1
482,Azelf,psychic,,['Levitate'],580,75,125,70,115,125,70,4,1
483,Dialga,steel,dragon,"['Pressure', ' Telepathy']",680,100,120,120,90,150,100,4,1
484,Palkia,water,dragon,"['Pressure', ' Telepathy']",680,90,120,100,100,150,120,4,1
485,Heatran,fire,steel,"['Flash Fire', ' Flame Body']",600,91,90,106,77,130,106,4,1
486,Regigigas,normal,,['Slow Start'],670,110,160,110,100,80,110,4,1
487,Giratina,ghost,dragon,"['Pressure', ' Telepathy', ' Levitate']",680,150,120,100,90,120,100,4,1
488,Cresselia,psychic,,['Levitate'],600,120,70,120,85,75,130,4,1
489,Phione,water,,['Hydration'],480,80,80,80,80,80,80,4,0
490,Manaphy,water,,['Hydration'],600,100,100,100,100,100,100,4,1
491,Darkrai,dark,,['Bad Dreams'],600,70,90,90,125,135,90,4,1
492,Shaymin,grass,grass,"['Natural Cure', ' Serene Grace']",600,100,103,75,127,120,75,4,1
493,Arceus,normal,,['Multitype'],720,120,120,120,120,120,120,4,1
494,Victini,psychic,fire,['Victory Star'],600,100,100,100,100,100,100,5,1
495,Snivy,grass,,"['Overgrow', ' Contrary']",308,45,45,55,63,45,55,5,0
496,Servine,grass,,"['Overgrow', ' Contrary']",413,60,60,75,83,60,75,5,0
497,Serperior,grass,,"['Overgrow', ' Contrary']",528,75,75,95,113,75,95,5,0
498,Tepig,fire,,"['Blaze', ' Thick Fat']",308,65,63,45,45,45,45,5,0
499,Pignite,fire,fighting,"['Blaze', ' Thick Fat']",418,90,93,55,55,70,55,5,0
500,Emboar,fire,fighting,"['Blaze', ' Reckless']",528,110,123,65,65,100,65,5,0
501,Oshawott,water,,"['Torrent', ' Shell Armor']",308,55,55,45,45,63,45,5,0
502,Dewott,water,,"['Torrent', ' Shell Armor']",413,75,75,60,60,83,60,5,0
503,Samurott,water,,"['Torrent', ' Shell Armor']",528,95,100,85,70,108,70,5,0
504,Patrat,normal,,"['Run Away', ' Keen Eye', ' Analytic']",255,45,55,39,42,35,39,5,0
505,Watchog,normal,,"['Illuminate', ' Keen Eye', ' Analytic']",420,60,85,69,77,60,69,5,0
506,Lillipup,normal,,"['Vital Spirit', ' Pickup', ' Run Away']",275,45,60,45,55,25,45,5,0
507,Herdier,normal,,"['Intimidate', ' Sand Rush', ' Scrappy']",370,65,80,65,60,35,65,5,0
508,Stoutland,normal,,"['Intimidate', ' Sand Rush', ' Scrappy']",500,85,110,90,80,45,90,5,0
509,Purrloin,dark,,"['Limber', ' Unburden', ' Prankster']",281,41,50,37,66,50,37,5,0
510,Liepard,dark,,"['Limber', ' Unburden', ' Prankster']",446,64,88,50,106,88,50,5,0
511,Pansage,grass,,"['Gluttony', ' Overgrow']",316,50,53,48,64,53,48,5,0
512,Simisage,grass,,"['Gluttony', ' Overgrow']",498,75,98,63,101,98,63,5,0
513,Pansear,fire,,"['Gluttony', ' Blaze']",316,50,53,48,64,53,48,5,0
514,Simisear,fire,,"['Gluttony', ' Blaze']",498,75,98,63,101,98,63,5,0
515,Panpour,water,,"['Gluttony', ' Torrent']",316,50,53,48,64,53,48,5,0
516,Simipour,water,,"['Gluttony', ' Torrent']",498,75,98,63,101,98,63,5,0
517,Munna,psychic,,"['Forewarn', ' Synchronize', ' Telepathy']",292,76,25,45,24,67,55,5,0
518,Musharna,psychic,,"['Forewarn', ' Synchronize', ' Telepathy']",487,116,55,85,29,107,95,5,0
519,Pidove,normal,flying,"['Big Pecks', ' Super Luck', ' Rivalry']",264,50,55,50,43,36,30,5,0
520,Tranquill,normal,flying,"['Big Pecks', ' Super Luck', ' Rivalry']",358,62,77,62,65,50,42,5,0
521,Unfezant,normal,flying,"['Big Pecks', ' Super Luck', ' Rivalry']",488,80,115,80,93,65,55,5,0
522,Blitzle,electric,,"['Lightningrod', ' Motor Drive', ' Sap Sipper']",295,45,60,32,76,50,32,5,0
523,Zebstrika,electric,,"['Lightningrod', ' Motor Drive', ' Sap Sipper']",497,75,100,63,116,80,63,5,0
524,Roggenrola,rock,,"['Sturdy', ' Weak Armor', ' Sand Force']",280,55,75,85,15,25,25,5,0
525,Boldore,rock,,"['Sturdy', ' Weak Armor', ' Sand Force']",390,70,105,105,20,50,40,5,0
526,Gigalith,rock,,"['Sturdy', ' Sand Stream', ' Sand Force']",515,85,135,130,25,60,80,5,0
527,Woobat,psychic,flying,"['Unaware', ' Klutz', ' Simple']",323,65,45,43,72,55,43,5,0
528,Swoobat,psychic,flying,"['Unaware', ' Klutz', ' Simple']",425,67,57,55,114,77,55,5,0
529,Drilbur,ground,,"['Sand Rush', ' Sand Force', ' Mold Breaker']",328,60,85,40,68,30,45,5,0
530,Excadrill,ground,steel,"['Sand Rush', ' Sand Force', ' Mold Breaker']",508,110,135,60,88,50,65,5,0
531,Audino,normal,,"['Healer', ' Regenerator', ' Klutz']",545,103,60,126,50,80,126,5,0
532,Timburr,fighting,,"['Guts', ' Sheer Force', ' Iron Fist']",305,75,80,55,35,25,35,5,0
533,Gurdurr,fighting,,"['Guts', ' Sheer Force', ' Iron Fist']",405,85,105,85,40,40,50,5,0
534,Conkeldurr,fighting,,"['Guts', ' Sheer Force', ' Iron Fist']",505,105,140,95,45,55,65,5,0
535,Tympole,water,,"['Swift Swim', ' Hydration', ' Water Absorb']",294,50,50,40,64,50,40,5,0
536,Palpitoad,water,ground,"['Swift Swim', ' Hydration', ' Water Absorb']",384,75,65,55,69,65,55,5,0
537,Seismitoad,water,ground,"['Swift Swim', ' Poison Touch', ' Water Absorb']",509,105,95,75,74,85,75,5,0
538,Throh,fighting,,"['Guts', ' Inner Focus', ' Mold Breaker']",465,120,100,85,45,30,85,5,0
539,Sawk,fighting,,"['Sturdy', ' Inner Focus', ' Mold Breaker']",465,75,125,75,85,30,75,5,0
540,Sewaddle,bug,grass,"['Swarm', ' Chlorophyll', ' Overcoat']",310,45,53,70,42,40,60,5,0
541,Swadloon,bug,grass,"['Leaf Guard', ' Chlorophyll', ' Overcoat']",380,55,63,90,42,50,80,5,0
542,Leavanny,bug,grass,"['Swarm', ' Chlorophyll', ' Overcoat']",500,75,103,80,92,70,80,5,0
543,Venipede,bug,poison,"['Poison Point', ' Swarm', ' Speed Boost']",260,30,45,59,57,30,39,5,0
544,Whirlipede,bug,poison,"['Poison Point', ' Swarm', ' Speed Boost']",360,40,55,99,47,40,79,5,0
545,Scolipede,bug,poison,"['Poison Point', ' Swarm', ' Speed Boost']",485,60,100,89,112,55,69,5,0
546,Cottonee,grass,fairy,"['Prankster', ' Infiltrator', ' Chlorophyll']",280,40,27,60,66,37,50,5,0
547,Whimsicott,grass,fairy,"['Prankster', ' Infiltrator', ' Chlorophyll']",480,60,67,85,116,77,75,5,0
548,Petilil,grass,,"['Chlorophyll', ' Own Tempo', ' Leaf Guard']",280,45,35,50,30,70,50,5,0
549,Lilligant,grass,,"['Chlorophyll', ' Own Tempo', ' Leaf Guard']",480,70,60,75,90,110,75,5,0
550,Basculin,water,,"['Reckless', ' Rock Head', ' Adaptability', ' Mold Breaker']",460,70,92,65,98,80,55,5,0
551,Sandile,ground,dark,"['Intimidate', ' Moxie', ' Anger Point']",292,50,72,35,65,35,35,5,0
552,Krokorok,ground,dark,"['Intimidate', ' Moxie', ' Anger Point']",351,60,82,45,74,45,45,5,0
553,Krookodile,ground,dark,"['Intimidate', ' Moxie', ' Anger Point']",519,95,117,80,92,65,70,5,0
554,Darumaka,fire,,"['Hustle', ' Inner Focus']",315,70,90,45,50,15,45,5,0
555,Darmanitan,fire,fire,"['Sheer Force', ' Zen Mode']",540,105,30,105,55,140,105,5,0
556,Maractus,grass,,"['Water Absorb', ' Chlorophyll', ' Storm Drain']",461,75,86,67,60,106,67,5,0
557,Dwebble,bug,rock,"['Sturdy', ' Shell Armor', ' Weak Armor']",325,50,65,85,55,35,35,5,0
558,Crustle,bug,rock,"['Sturdy', ' Shell Armor', ' Weak Armor']",485,70,105,125,45,65,75,5,0
559,Scraggy,dark,fighting,"['Shed Skin', ' Moxie', ' Intimidate']",348,50,75,70,48,35,70,5,0
560,Scrafty,dark,fighting,"['Shed Skin', ' Moxie', ' Intimidate']",488,65,90,115,58,45,115,5,0
561,Sigilyph,psychic,flying,"['Wonder Skin ', ' Magic Guard', ' Tinted Lens']",490,72,58,80,97,103,80,5,0
562,Yamask,ghost,,['Mummy'],303,38,30,85,30,55,65,5,0
563,Cofagrigus,ghost,,['Mummy'],483,58,50,145,30,95,105,5,0
564,Tirtouga,water,rock,"['Solid Rock', ' Sturdy', ' Swift Swim']",355,54,78,103,22,53,45,5,0
565,Carracosta,water,rock,"['Solid Rock', ' Sturdy', ' Swift Swim']",495,74,108,133,32,83,65,5,0
566,Archen,rock,flying,['Defeatist'],401,55,112,45,70,74,45,5,0
567,Archeops,rock,flying,['Defeatist'],567,75,140,65,110,112,65,5,0
568,Trubbish,poison,,"['Stench', ' Sticky Hold', ' Aftermath']",329,50,50,62,65,40,62,5,0
569,Garbodor,poison,,"['Stench', ' Weak Armor', ' Aftermath']",474,80,95,82,75,60,82,5,0
570,Zorua,dark,,['Illusion'],330,40,65,40,65,80,40,5,0
571,Zoroark,dark,,['Illusion'],510,60,105,60,105,120,60,5,0
572,Minccino,normal,,"['Cute Charm', ' Technician', ' Skill Link']",300,55,50,40,75,40,40,5,0
573,Cinccino,normal,,"['Cute Charm', ' Technician', ' Skill Link']",470,75,95,60,115,65,60,5,0
574,Gothita,psychic,,"['Frisk', ' Competitive', ' Shadow Tag']",290,45,30,50,45,55,65,5,0
575,Gothorita,psychic,,"['Frisk', ' Competitive', ' Shadow Tag']",390,60,45,70,55,75,85,5,0
576,Gothitelle,psychic,,"['Frisk', ' Competitive', ' Shadow Tag']",490,70,55,95,65,95,110,5,0
577,Solosis,psychic,,"['Overcoat', ' Magic Guard', ' Regenerator']",290,45,30,40,20,105,50,5,0
578,Duosion,psychic,,"['Overcoat', ' Magic Guard', ' Regenerator']",370,65,40,50,30,125,60,5,0
579,Reuniclus,psychic,,"['Overcoat', ' Magic Guard', ' Regenerator']",490,110,65,75,30,125,85,5,0
580,Ducklett,water,flying,"['Keen Eye', ' Big Pecks', ' Hydration']",305,62,44,50,55,44,50,5,0
581,Swanna,water,flying,"['Keen Eye', ' Big Pecks', ' Hydration']",473,75,87,63,98,87,63,5,0
582,Vanillite,ice,,"['Ice Body', ' Snow Cloak', ' Weak Armor']",305,36,50,50,44,65,60,5,0
583,Vanillish,ice,,"['Ice Body', ' Snow Cloak', ' Weak Armor']",395,51,65,65,59,80,75,5,0
584,Vanilluxe,ice,,"['Ice Body', ' Snow Warning', ' Weak Armor']",535,71,95,85,79,110,95,5,0
585,Deerling,normal,grass,"['Chlorophyll', ' Sap Sipper', ' Serene Grace']",335,60,60,50,75,40,50,5,0
586,Sawsbuck,normal,grass,"['Chlorophyll', ' Sap Sipper', ' Serene Grace']",475,80,100,70,95,60,70,5,0
587,Emolga,electric,flying,"['Static', ' Motor Drive']",428,55,75,60,103,75,60,5,0
588,Karrablast,bug,,"['Swarm', ' Shed Skin', ' No Guard']",315,50,75,45,60,40,45,5,0
589,Escavalier,bug,steel,"['Swarm', ' Shell Armor', ' Overcoat']",495,70,135,105,20,60,105,5,0
590,Foongus,grass,poison,"['Effect Spore', ' Regenerator']",294,69,55,45,15,55,55,5,0
591,Amoonguss,grass,poison,"['Effect Spore', ' Regenerator']",464,114,85,70,30,85,80,5,0
592,Frillish,water,ghost,"['Water Absorb', ' Cursed Body', ' Damp']",335,55,40,50,40,65,85,5,0
593,Jellicent,water,ghost,"['Water Absorb', ' Cursed Body', ' Damp']",480,100,60,70,60,85,105,5,0
594,Alomomola,water,,"['Healer', ' Hydration', ' Regenerator']",470,165,75,80,65,40,45,5,0
595,Joltik,bug,electric,"['Compoundeyes', ' Unnerve', ' Swarm']",319,50,47,50,65,57,50,5,0
596,Galvantula,bug,electric,"['Compoundeyes', ' Unnerve', ' Swarm']",472,70,77,60,108,97,60,5,0
597,Ferroseed,grass,steel,['Iron Barbs'],305,44,50,91,10,24,86,5,0
598,Ferrothorn,grass,steel,"['Iron Barbs', ' Anticipation']",489,74,94,131,20,54,116,5,0
599,Klink,steel,,"['Plus', ' Minus', ' Clear Body']",300,40,55,70,30,45,60,5,0
600,Klang,steel,,"['Plus', ' Minus', ' Clear Body']",440,60,80,95,50,70,85,5,0
601,Klinklang,steel,,"['Plus', ' Minus', ' Clear Body']",520,60,100,115,90,70,85,5,0
602,Tynamo,electric,,['Levitate'],275,35,55,40,60,45,40,5,0
603,Eelektrik,electric,,['Levitate'],405,65,85,70,40,75,70,5,0
604,Eelektross,electric,,['Levitate'],515,85,115,80,50,105,80,5,0
605,Elgyem,psychic,,"['Telepathy', ' Synchronize', ' Analytic']",335,55,55,55,30,85,55,5,0
606,Beheeyem,psychic,,"['Telepathy', ' Synchronize', ' Analytic']",485,75,75,75,40,125,95,5,0
607,Litwick,ghost,fire,"['Flash Fire', ' Flame Body', ' Infiltrator']",275,50,30,55,20,65,55,5,0
608,Lampent,ghost,fire,"['Flash Fire', ' Flame Body', ' Infiltrator']",370,60,40,60,55,95,60,5,0
609,Chandelure,ghost,fire,"['Flash Fire', ' Flame Body', ' Infiltrator']",520,60,55,90,80,145,90,5,0
610,Axew,dragon,,"['Rivalry', ' Mold Breaker', ' Unnerve']",320,46,87,60,57,30,40,5,0
611,Fraxure,dragon,,"['Rivalry', ' Mold Breaker', ' Unnerve']",410,66,117,70,67,40,50,5,0
612,Haxorus,dragon,,"['Rivalry', ' Mold Breaker', ' Unnerve']",540,76,147,90,97,60,70,5,0
613,Cubchoo,ice,,"['Snow Cloak', ' Slush Rush', ' Rattled']",305,55,70,40,40,60,40,5,0
614,Beartic,ice,,"['Snow Cloak', ' Slush Rush', ' Swift Swim']",505,95,130,80,50,70,80,5,0
615,Cryogonal,ice,,['Levitate'],515,80,50,50,105,95,135,5,0
616,Shelmet,bug,,"['Hydration', ' Shell Armor', ' Overcoat']",305,50,40,85,25,40,65,5,0
617,Accelgor,bug,,"['Hydration', ' Sticky Hold', ' Unburden']",495,80,70,40,145,100,60,5,0
618,Stunfisk,ground,electric,"['Static', ' Limber', ' Sand Veil']",471,109,66,84,32,81,99,5,0
619,Mienfoo,fighting,,"['Inner Focus', ' Regenerator', ' Reckless']",350,45,85,50,65,55,50,5,0
620,Mienshao,fighting,,"['Inner Focus', ' Regenerator', ' Reckless']",510,65,125,60,105,95,60,5,0
621,Druddigon,dragon,,"['Rough Skin', ' Sheer Force', ' Mold Breaker']",485,77,120,90,48,60,90,5,0
622,Golett,ground,ghost,"['Iron Fist', ' Klutz', ' No Guard']",303,59,74,50,35,35,50,5,0
623,Golurk,ground,ghost,"['Iron Fist', ' Klutz', ' No Guard']",483,89,124,80,55,55,80,5,0
624,Pawniard,dark,steel,"['Defiant', ' Inner Focus', ' Pressure']",340,45,85,70,60,40,40,5,0
625,Bisharp,dark,steel,"['Defiant', ' Inner Focus', ' Pressure']",490,65,125,100,70,60,70,5,0
626,Bouffalant,normal,,"['Reckless', ' Sap Sipper', ' Soundproof']",490,95,110,95,55,40,95,5,0
627,Rufflet,normal,flying,"['Keen Eye', ' Sheer Force', ' Hustle']",350,70,83,50,60,37,50,5,0
628,Braviary,normal,flying,"['Keen Eye', ' Sheer Force', ' Defiant']",510,100,123,75,80,57,75,5,0
629,Vullaby,dark,flying,"['Big Pecks', ' Overcoat', ' Weak Armor']",370,70,55,75,60,45,65,5,0
630,Mandibuzz,dark,flying,"['Big Pecks', ' Overcoat', ' Weak Armor']",510,110,65,105,80,55,95,5,0
631,Heatmor,fire,,"['Gluttony', ' Flash Fire', ' White Smoke']",484,85,97,66,65,105,66,5,0
632,Durant,bug,steel,"['Swarm', ' Hustle', ' Truant']",484,58,109,112,109,48,48,5,0
633,Deino,dark,dragon,['Hustle'],300,52,65,50,38,45,50,5,0
634,Zweilous,dark,dragon,['Hustle'],420,72,85,70,58,65,70,5,0
635,Hydreigon,dark,dragon,['Levitate'],600,92,105,90,98,125,90,5,0
636,Larvesta,bug,fire,"['Flame Body', ' Swarm']",360,55,85,55,60,50,55,5,0
637,Volcarona,bug,fire,"['Flame Body', ' Swarm']",550,85,60,65,100,135,105,5,0
638,Cobalion,steel,fighting,['Justified'],580,91,90,129,108,90,72,5,1
639,Terrakion,rock,fighting,['Justified'],580,91,129,90,108,72,90,5,1
640,Virizion,grass,fighting,['Justified'],580,91,90,72,108,90,129,5,1
641,Tornadus,flying,,"['Prankster', ' Defiant', ' Regenerator']",580,79,100,80,121,110,90,5,1
642,Thundurus,electric,flying,"['Prankster', ' Defiant', ' Volt Absorb']",580,79,105,70,101,145,80,5,1
643,Reshiram,dragon,fire,['Turboblaze'],680,100,120,100,90,150,120,5,1
644,Zekrom,dragon,electric,['Teravolt'],680,100,150,120,90,120,100,5,1
645,Landorus,ground,flying,"['Sand Force', ' Sheer Force', ' Intimidate']",600,89,145,90,91,105,80,5,1
646,Kyurem,dragon,ice,"['Pressure', ' Teravolt', ' Turboblaze']",700,125,120,90,95,170,100,5,1
647,Keldeo,water,fighting,['Justified'],580,91,72,90,108,129,90,5,1
648,Meloetta,normal,psychic,['Serene Grace'],600,100,128,90,128,77,77,5,1
649,Genesect,bug,steel,['Download'],600,71,120,95,99,120,95,5,1
650,Chespin,grass,,"['Overgrow', ' Bulletproof']",313,56,61,65,38,48,45,6,0
651,Quilladin,grass,,"['Overgrow', ' Bulletproof']",405,61,78,95,57,56,58,6,0
652,Chesnaught,grass,fighting,"['Overgrow', ' Bulletproof']",530,88,107,122,64,74,75,6,0
653,Fennekin,fire,,"['Blaze', ' Magician']",307,40,45,40,60,62,60,6,0
654,Braixen,fire,,"['Blaze', ' Magician']",409,59,59,58,73,90,70,6,0
655,Delphox,fire,psychic,"['Blaze', ' Magician']",534,75,69,72,104,114,100,6,0
656,Froakie,water,,"['Torrent', ' Protean']",314,41,56,40,71,62,44,6,0
657,Frogadier,water,,"['Torrent', ' Protean']",405,54,63,52,97,83,56,6,0
658,Greninja,water,dark,"['Torrent', ' Protean', ' Battle Bond']",640,72,145,67,132,153,71,6,0
659,Bunnelby,normal,,"['Pickup', ' Cheek Pouch', ' Huge Power']",237,38,36,38,57,32,36,6,0
660,Diggersby,normal,ground,"['Pickup', ' Cheek Pouch', ' Huge Power']",423,85,56,77,78,50,77,6,0
661,Fletchling,normal,flying,"['Big Pecks', ' Gale Wings']",278,45,50,43,62,40,38,6,0
662,Fletchinder,fire,flying,"['Flame Body', ' Gale Wings']",382,62,73,55,84,56,52,6,0
663,Talonflame,fire,flying,"['Flame Body', ' Gale Wings']",499,78,81,71,126,74,69,6,0
664,Scatterbug,bug,,"['Shield Dust', ' Compoundeyes', ' Friend Guard']",200,38,35,40,35,27,25,6,0
665,Spewpa,bug,,"['Shed Skin', ' Friend Guard']",213,45,22,60,29,27,30,6,0
666,Vivillon,bug,flying,"['Shield Dust', ' Compoundeyes', ' Friend Guard']",411,80,52,50,89,90,50,6,0
667,Litleo,fire,normal,"['Rivalry', ' Unnerve', ' Moxie']",369,62,50,58,72,73,54,6,0
668,Pyroar,fire,normal,"['Rivalry', ' Unnerve', ' Moxie']",507,86,68,72,106,109,66,6,0
669,FlabÃ©bÃ©,fairy,,"['Flower Veil', ' Symbiosis']",303,44,38,39,42,61,79,6,0
670,Floette,fairy,,"['Flower Veil', ' Symbiosis']",551,74,65,67,92,125,128,6,0
671,Florges,fairy,,"['Flower Veil', ' Symbiosis']",552,78,65,68,75,112,154,6,0
672,Skiddo,grass,,"['Sap Sipper', ' Grass Pelt']",350,66,65,48,52,62,57,6,0
673,Gogoat,grass,,"['Sap Sipper', ' Grass Pelt']",531,123,100,62,68,97,81,6,0
674,Pancham,fighting,,"['Iron Fist', ' Mold Breaker', ' Scrappy']",348,67,82,62,43,46,48,6,0
675,Pangoro,fighting,dark,"['Iron Fist', ' Mold Breaker', ' Scrappy']",495,95,124,78,58,69,71,6,0
676,Furfrou,normal,,['Fur Coat'],472,75,80,60,102,65,90,6,0
677,Espurr,psychic,,"['Keen Eye', ' Infiltrator', ' Own Tempo']",355,62,48,54,68,63,60,6,0
678,Meowstic,psychic,,"['Keen Eye', ' Infiltrator', ' Prankster', ' Competitive']",466,74,48,76,104,83,81,6,0
679,Honedge,steel,ghost,['No Guard'],325,45,80,100,28,35,37,6,0
680,Doublade,steel,ghost,['No Guard'],448,59,110,150,35,45,49,6,0
681,Aegislash,steel,ghost,['Stance Change'],520,60,150,50,60,150,50,6,0
682,Spritzee,fairy,,"['Healer', ' Aroma Veil']",341,78,52,60,23,63,65,6,0
683,Aromatisse,fairy,,"['Healer', ' Aroma Veil']",462,101,72,72,29,99,89,6,0
684,Swirlix,fairy,,"['Sweet Veil', ' Unburden']",341,62,48,66,49,59,57,6,0
685,Slurpuff,fairy,,"['Sweet Veil', ' Unburden']",480,82,80,86,72,85,75,6,0
686,Inkay,dark,psychic,"['Contrary', ' Suction Cups', ' Infiltrator']",288,53,54,53,45,37,46,6,0
687,Malamar,dark,psychic,"['Contrary', ' Suction Cups', ' Infiltrator']",482,86,92,88,73,68,75,6,0
688,Binacle,rock,water,"['Tough Claws', ' Sniper', ' Pickpocket']",306,42,52,67,50,39,56,6,0
689,Barbaracle,rock,water,"['Tough Claws', ' Sniper', ' Pickpocket']",500,72,105,115,68,54,86,6,0
690,Skrelp,poison,water,"['Poison Point', ' Poison Touch', ' Adaptability']",320,50,60,60,30,60,60,6,0
691,Dragalge,poison,dragon,"['Poison Point', ' Poison Touch', ' Adaptability']",494,65,75,90,44,97,123,6,0
692,Clauncher,water,,['Mega Launcher'],330,50,53,62,44,58,63,6,0
693,Clawitzer,water,,['Mega Launcher'],500,71,73,88,59,120,89,6,0
694,Helioptile,electric,normal,"['Dry Skin', ' Sand Veil', ' Solar Power']",289,44,38,33,70,61,43,6,0
695,Heliolisk,electric,normal,"['Dry Skin', ' Sand Veil', ' Solar Power']",481,62,55,52,109,109,94,6,0
696,Tyrunt,rock,dragon,"['Strong Jaw', ' Sturdy']",362,58,89,77,48,45,45,6,0
697,Tyrantrum,rock,dragon,"['Strong Jaw', ' Rock Head']",521,82,121,119,71,69,59,6,0
698,Amaura,rock,ice,"['Refrigerate', ' Snow Warning']",362,77,59,50,46,67,63,6,0
699,Aurorus,rock,ice,"['Refrigerate', ' Snow Warning']",521,123,77,72,58,99,92,6,0
700,Sylveon,fairy,,"['Cute Charm', ' Pixilate']",525,95,65,65,60,110,130,6,0
701,Hawlucha,fighting,flying,"['Limber', ' Unburden', ' Mold Breaker']",500,78,92,75,118,74,63,6,0
702,Dedenne,electric,fairy,"['Cheek Pouch', ' Pickup', ' Plus']",431,67,58,57,101,81,67,6,0
703,Carbink,rock,fairy,"['Clear Body', ' Sturdy']",500,50,50,150,50,50,150,6,0
704,Goomy,dragon,,"['Sap Sipper', ' Hydration', ' Gooey']",300,45,50,35,40,55,75,6,0
705,Sliggoo,dragon,,"['Sap Sipper', ' Hydration', ' Gooey']",452,68,75,53,60,83,113,6,0
706,Goodra,dragon,,"['Sap Sipper', ' Hydration', ' Gooey']",600,90,100,70,80,110,150,6,0
707,Klefki,steel,fairy,"['Prankster', ' Magician']",470,57,80,91,75,80,87,6,0
708,Phantump,ghost,grass,"['Natural Cure', ' Frisk', ' Harvest']",309,43,70,48,38,50,60,6,0
709,Trevenant,ghost,grass,"['Natural Cure', ' Frisk', ' Harvest']",474,85,110,76,56,65,82,6,0
710,Pumpkaboo,ghost,grass,"['Pickup', ' Frisk', ' Insomnia']",335,59,66,70,41,44,55,6,0
711,Gourgeist,ghost,grass,"['Pickup', ' Frisk', ' Insomnia']",494,85,100,122,54,58,75,6,0
712,Bergmite,ice,,"['Own Tempo', ' Ice Body', ' Sturdy']",304,55,69,85,28,32,35,6,0
713,Avalugg,ice,,"['Own Tempo', ' Ice Body', ' Sturdy']",514,95,117,184,28,44,46,6,0
714,Noibat,flying,dragon,"['Frisk', ' Infiltrator', ' Telepathy']",245,40,30,35,55,45,40,6,0
715,Noivern,flying,dragon,"['Frisk', ' Infiltrator', ' Telepathy']",535,85,70,80,123,97,80,6,0
716,Xerneas,fairy,,['Fairy Aura'],680,126,131,95,99,131,98,6,1
717,Yveltal,dark,flying,['Dark Aura'],680,126,131,95,99,131,98,6,1
718,Zygarde,dragon,ground,"['Aura Break', ' Power Construct']",708,216,100,121,85,91,95,6,1
719,Diancie,rock,fairy,['Clear Body'],700,50,160,110,110,160,110,6,1
720,Hoopa,psychic,ghost,['Magician'],680,80,160,60,80,170,130,6,1
721,Volcanion,fire,water,['Water Absorb'],600,80,110,120,70,130,90,6,1
722,Rowlet,grass,flying,"['Overgrow', ' Long Reach']",320,68,55,55,42,50,50,7,0
723,Dartrix,grass,flying,"['Overgrow', ' Long Reach']",420,78,75,75,52,70,70,7,0
724,Decidueye,grass,ghost,"['Overgrow', ' Long Reach']",530,78,107,75,70,100,100,7,0
725,Litten,fire,,"['Blaze', ' Intimidate']",320,45,65,40,70,60,40,7,0
726,Torracat,fire,,"['Blaze', ' Intimidate']",420,65,85,50,90,80,50,7,0
727,Incineroar,fire,dark,"['Blaze', ' Intimidate']",530,95,115,90,60,80,90,7,0
728,Popplio,water,,"['Torrent', ' Liquid Voice']",320,50,54,54,40,66,56,7,0
729,Brionne,water,,"['Torrent', ' Liquid Voice']",420,60,69,69,50,91,81,7,0
730,Primarina,water,fairy,"['Torrent', ' Liquid Voice']",530,80,74,74,60,126,116,7,0
731,Pikipek,normal,flying,"['Keen Eye', ' Skill Link', ' Pickup']",265,35,75,30,65,30,30,7,0
732,Trumbeak,normal,flying,"['Keen Eye', ' Skill Link', ' Pickup']",355,55,85,50,75,40,50,7,0
733,Toucannon,normal,flying,"['Keen Eye', ' Skill Link', ' Sheer Force']",485,80,120,75,60,75,75,7,0
734,Yungoos,normal,,"['Stakeout', ' Strong Jaw', ' Adaptability']",253,48,70,30,45,30,30,7,0
735,Gumshoos,normal,,"['Stakeout', ' Strong Jaw', ' Adaptability']",418,88,110,60,45,55,60,7,0
736,Grubbin,bug,,['Swarm'],300,47,62,45,46,55,45,7,0
737,Charjabug,bug,electric,['Battery'],400,57,82,95,36,55,75,7,0
738,Vikavolt,bug,electric,['Levitate'],500,77,70,90,43,145,75,7,0
739,Crabrawler,fighting,,"['Hyper Cutter', ' Iron Fist', ' Anger Point']",338,47,82,57,63,42,47,7,0
740,Crabominable,fighting,ice,"['Hyper Cutter', ' Iron Fist', ' Anger Point']",478,97,132,77,43,62,67,7,0
741,Oricorio,fire,flying,['Dancer'],476,75,70,70,93,98,70,7,0
742,Cutiefly,bug,fairy,"['Honey Gather', ' Shield Dust', ' Sweet Veil']",304,40,45,40,84,55,40,7,0
743,Ribombee,bug,fairy,"['Honey Gather', ' Shield Dust', ' Sweet Veil']",464,60,55,60,124,95,70,7,0
744,Rockruff,rock,,"['Keen Eye', ' Vital Spirit', ' Steadfast']",280,45,65,40,60,30,40,7,0
745,Lycanroc,rock,,"['Keen Eye', ' Sand Rush', ' Steadfast', ' Keen Eye', ' Vital Spirit', ' No Guard']",487,85,115,75,82,55,75,7,0
746,Wishiwashi,water,,['Schooling'],620,45,140,130,30,140,135,7,0
747,Mareanie,poison,water,"['Merciless', ' Limber', ' Regenerator']",305,50,53,62,45,43,52,7,0
748,Toxapex,poison,water,"['Merciless', ' Limber', ' Regenerator']",495,50,63,152,35,53,142,7,0
749,Mudbray,ground,,"['Own Tempo', ' Stamina', ' Inner Focus']",385,70,100,70,45,45,55,7,0
750,Mudsdale,ground,,"['Own Tempo', ' Stamina', ' Inner Focus']",500,100,125,100,35,55,85,7,0
751,Dewpider,water,bug,"['Water Bubble', ' Water Absorb']",269,38,40,52,27,40,72,7,0
752,Araquanid,water,bug,"['Water Bubble', ' Water Absorb']",454,68,70,92,42,50,132,7,0
753,Fomantis,grass,,"['Leaf Guard', ' Contrary']",250,40,55,35,35,50,35,7,0
754,Lurantis,grass,,"['Leaf Guard', ' Contrary']",480,70,105,90,45,80,90,7,0
755,Morelull,grass,fairy,"['Illuminate', ' Effect Spore', ' Rain Dish']",285,40,35,55,15,65,75,7,0
756,Shiinotic,grass,fairy,"['Illuminate', ' Effect Spore', ' Rain Dish']",405,60,45,80,30,90,100,7,0
757,Salandit,poison,fire,"['Corrosion', ' Oblivious']",320,48,44,40,77,71,40,7,0
758,Salazzle,poison,fire,"['Corrosion', ' Oblivious']",480,68,64,60,117,111,60,7,0
759,Stufful,normal,fighting,"['Fluffy', ' Klutz', ' Cute Charm']",340,70,75,50,50,45,50,7,0
760,Bewear,normal,fighting,"['Fluffy', ' Klutz', ' Unnerve']",500,120,125,80,60,55,60,7,0
761,Bounsweet,grass,,"['Leaf Guard', ' Oblivious', ' Sweet Veil']",210,42,30,38,32,30,38,7,0
762,Steenee,grass,,"['Leaf Guard', ' Oblivious', ' Sweet Veil']",290,52,40,48,62,40,48,7,0
763,Tsareena,grass,,"['Leaf Guard', ' Queenly Majesty', ' Sweet Veil']",510,72,120,98,72,50,98,7,0
764,Comfey,fairy,,"['Flower Veil', ' Triage', ' Natural Cure']",485,51,52,90,100,82,110,7,0
765,Oranguru,normal,psychic,"['Inner Focus', ' Telepathy', ' Symbiosis']",490,90,60,80,60,90,110,7,0
766,Passimian,fighting,,"['Receiver', ' Defiant']",490,100,120,90,80,40,60,7,0
767,Wimpod,bug,water,['Wimp Out'],230,25,35,40,80,20,30,7,0
768,Golisopod,bug,water,['Emergency Exit'],530,75,125,140,40,60,90,7,0
769,Sandygast,ghost,ground,"['Water Compaction', ' Sand Veil']",320,55,55,80,15,70,45,7,0
770,Palossand,ghost,ground,"['Water Compaction', ' Sand Veil']",480,85,75,110,35,100,75,7,0
771,Pyukumuku,water,,"['Innards Out', ' Unaware']",410,55,60,130,5,30,130,7,0
772,Type: Null,normal,,['Battle Armor'],534,95,95,95,59,95,95,7,0
773,Silvally,normal,,['RKS System'],570,95,95,95,95,95,95,7,0
774,Minior,rock,flying,['Shields Down'],500,60,100,60,120,100,60,7,0
775,Komala,normal,,['Comatose'],480,65,115,65,65,75,95,7,0
776,Turtonator,fire,dragon,['Shell Armor'],485,60,78,135,36,91,85,7,0
777,Togedemaru,electric,steel,"['Iron Barbs', ' Lightningrod', ' Sturdy']",435,65,98,63,96,40,73,7,0
778,Mimikyu,ghost,fairy,['Disguise'],476,55,90,80,96,50,105,7,0
779,Bruxish,water,psychic,"['Dazzling', ' Strong Jaw', ' Wonder Skin ']",475,68,105,70,92,70,70,7,0
780,Drampa,normal,dragon,"['Berserk', ' Sap Sipper', ' Cloud Nine']",485,78,60,85,36,135,91,7,0
781,Dhelmise,ghost,grass,['Steelworker'],517,70,131,100,40,86,90,7,0
782,Jangmo-o,dragon,,"['Bulletproof', ' Soundproof', ' Overcoat']",300,45,55,65,45,45,45,7,0
783,Hakamo-o,dragon,fighting,"['Bulletproof', ' Soundproof', ' Overcoat']",420,55,75,90,65,65,70,7,0
784,Kommo-o,dragon,fighting,"['Bulletproof', ' Soundproof', ' Overcoat']",600,75,110,125,85,100,105,7,0
785,Tapu Koko,electric,fairy,"['Electric Surge', ' Telepathy']",570,70,115,85,130,95,75,7,1
786,Tapu Lele,psychic,fairy,"['Psychic Surge', ' Telepathy']",570,70,85,75,95,130,115,7,1
787,Tapu Bulu,grass,fairy,"['Grassy Surge', ' Telepathy']",570,70,130,115,75,85,95,7,1
788,Tapu Fini,water,fairy,"['Misty Surge', ' Telepathy']",570,70,75,115,85,95,130,7,1
789,Cosmog,psychic,,['Unaware'],200,43,29,31,37,29,31,7,1
790,Cosmoem,psychic,,['Sturdy'],400,43,29,131,37,29,131,7,1
791,Solgaleo,psychic,steel,['Full Metal Body'],680,137,137,107,97,113,89,7,1
792,Lunala,psychic,ghost,['Shadow Shield'],680,137,113,89,97,137,107,7,1
793,Nihilego,rock,poison,['Beast Boost'],570,109,53,47,103,127,131,7,1
794,Buzzwole,bug,fighting,['Beast Boost'],570,107,139,139,79,53,53,7,1
795,Pheromosa,bug,fighting,['Beast Boost'],570,71,137,37,151,137,37,7,1
796,Xurkitree,electric,,['Beast Boost'],570,83,89,71,83,173,71,7,1
797,Celesteela,steel,flying,['Beast Boost'],570,97,101,103,61,107,101,7,1
798,Kartana,grass,steel,['Beast Boost'],570,59,181,131,109,59,31,7,1
799,Guzzlord,dark,dragon,['Beast Boost'],570,223,101,53,43,97,53,7,1
800,Necrozma,psychic,,['Prism Armor'],600,97,107,101,79,127,89,7,1
801,Magearna,steel,fairy,['Soul-Heart'],600,80,95,115,65,130,115,7,1
10019,Rattata (Alolan),dark,normal,"['Gluttony', ' Hustle', ' Thick Fat']",253,30,56,35,72,25,35,1,0
10020,Raticate (Alolan),dark,normal,"['Gluttony', ' Hustle', ' Thick Fat']",413,75,71,70,77,40,80,1,0
10026,Raichu (Alolan),electric,psychic,['Surge Surfer'],485,60,85,50,110,95,85,1,0
10027,Sandshrew (Alolan),ice,steel,"['Snow Cloak', ' Slush Rush']",300,50,75,90,40,10,35,1,0
10028,Sandslash (Alolan),ice,steel,"['Snow Cloak', ' Slush Rush']",450,75,100,120,65,25,65,1,0
10037,Vulpix (Alolan),ice,,"['Snow Cloak', ' Snow Warning']",299,38,41,40,65,50,65,1,0
10038,Ninetales (Alolan),ice,fairy,"['Snow Cloak', ' Snow Warning']",505,73,67,75,109,81,100,1,0
10050,Diglett (Alolan),ground,steel,"['Sand Veil', ' Tangling Hair', ' Sand Force']",265,10,55,30,90,35,45,1,0
10051,Dugtrio (Alolan),ground,steel,"['Sand Veil', ' Tangling Hair', ' Sand Force']",425,35,100,60,110,50,70,1,0
10052,Meowth (Alolan),dark,,"['Pickup', ' Technician', ' Rattled']",290,40,35,35,90,50,40,1,0
10053,Persian (Alolan),dark,,"['Fur Coat', ' Technician', ' Rattled']",440,65,60,60,115,75,65,1,0
10074,Geodude (Alolan),rock,electric,"['Magnet Pull', ' Sturdy', ' Galvanize']",300,40,80,100,20,30,30,1,0
10075,Graveler (Alolan),rock,electric,"['Magnet Pull', ' Sturdy', ' Galvanize']",390,55,95,115,35,45,45,1,0
10076,Golem (Alolan),rock,electric,"['Magnet Pull', ' Sturdy', ' Galvanize']",495,80,120,130,45,55,65,1,0
10088,Grimer (Alolan),poison,dark,"['Poison Touch', ' Gluttony', ' Power of Alchemy']",325,80,80,50,25,40,50,1,0
10089,Muk (Alolan),poison,dark,"['Poison Touch', ' Gluttony', ' Power of Alchemy']",500,105,105,75,50,65,100,1,0
10103,Exeggutor (Alolan),grass,dragon,"['Frisk', ' Harvest']",530,95,105,85,45,125,75,1,0
10105,Marowak (Alolan),fire,ghost,"['Cursed Body', ' Lightningrod', ' Rock Head']",425,60,80,110,45,50,80,1,0
