pokedex_number,pokemon_name,type1,type2,ability1,ability2,hidden_ability,base_total,hp,attack,defense,speed,sp_attack,sp_defense,generation,is_legendary
1,Bulbasaur,grass,poison,Overgrow,,Chlorophyll,318,45,49,49,45,65,65,1,0
2,Ivysaur,grass,poison,Overgrow,,Chlorophyll,405,60,62,63,60,80,80,1,0
3,Venusaur,grass,poison,Overgrow,,Chlorophyll,625,80,100,123,80,122,120,1,0
4,Charmander,fire,,Blaze,,SolarPower,309,39,52,43,65,60,50,1,0
5,Charmeleon,fire,,Blaze,,SolarPower,405,58,64,58,80,80,65,1,0
6,Charizard,fire,flying,Blaze,,SolarPower,634,78,104,78,100,159,115,1,0
7,Squirtle,water,,Torrent,,RainDish,314,44,48,65,43,50,64,1,0
8,Wartortle,water,,Torrent,,RainDish,405,59,63,80,58,65,80,1,0
9,Blastoise,water,,Torrent,,RainDish,630,79,103,120,78,135,115,1,0
10,Caterpie,bug,,ShieldDust,,RunAway,195,45,30,35,45,20,20,1,0
11,Metapod,bug,,ShedSkin,,,205,50,20,55,30,25,25,1,0
12,Butterfree,bug,flying,Compoundeyes,,TintedLens,395,60,45,50,70,90,80,1,0
13,Weedle,bug,poison,ShieldDust,,RunAway,195,40,35,30,50,20,20,1,0
14,Kakuna,bug,poison,ShedSkin,,,205,45,25,50,35,25,25,1,0
15,Beedrill,bug,poison,Swarm,,Sniper,495,65,150,40,145,15,80,1,0
16,Pidgey,normal,flying,KeenEye,TangledFeet,BigPecks,251,40,45,40,56,35,35,1,0
17,Pidgeotto,normal,flying,KeenEye,TangledFeet,BigPecks,349,63,60,55,71,50,50,1,0
18,Pidgeot,normal,flying,KeenEye,TangledFeet,BigPecks,579,83,80,80,121,135,80,1,0
19,Rattata,normal,,RunAway,Guts,Hustle,253,30,56,35,72,25,35,1,0
20,Raticate,normal,,RunAway,Guts,Hustle,413,75,71,70,77,40,80,1,0
21,Spearow,normal,flying,KeenEye,,Sniper,262,40,60,30,70,31,31,1,0
22,Fearow,normal,flying,KeenEye,,Sniper,442,65,90,65,100,61,61,1,0
23,Ekans,poison,,Intimidate,ShedSkin,Unnerve,288,35,60,44,55,40,54,1,0
24,Arbok,poison,,Intimidate,ShedSkin,Unnerve,448,60,95,69,80,65,79,1,0
25,Pikachu,electric,,Static,,Lightningrod,320,35,55,40,90,50,50,1,0
26,Raichu,electric,,Static,,Lightningrod,485,60,85,50,110,95,85,1,0
27,Sandshrew,ground,,SandVeil,,SandRush,300,50,75,90,40,10,35,1,0
28,Sandslash,ground,,SandVeil,,SandRush,450,75,100,120,65,25,65,1,0
29,NidoranEE€,poison,,PoisonPoint,Rivalry,Hustle,275,55,47,52,41,40,40,1,0
30,Nidorina,poison,,PoisonPoint,Rivalry,Hustle,365,70,62,67,56,55,55,1,0
31,Nidoqueen,poison,ground,PoisonPoint,Rivalry,SheerForce,505,90,92,87,76,75,85,1,0
32,NidoranEEE,poison,,PoisonPoint,Rivalry,Hustle,273,46,57,40,50,40,40,1,0
33,Nidorino,poison,,PoisonPoint,Rivalry,Hustle,365,61,72,57,65,55,55,1,0
34,Nidoking,poison,ground,PoisonPoint,Rivalry,SheerForce,505,81,102,77,85,85,75,1,0
35,Clefairy,fairy,,CuteCharm,MagicGuard,FriendGuard,323,70,45,48,35,60,65,1,0
36,Clefable,fairy,,CuteCharm,MagicGuard,Unaware,483,95,70,73,60,95,90,1,0
37,Vulpix,fire,,FlashFire,,Drought,299,38,41,40,65,50,65,1,0
38,Ninetales,fire,,FlashFire,,Drought,505,73,67,75,109,81,100,1,0
39,Jigglypuff,normal,fairy,CuteCharm,Competitive,FriendGuard,270,115,45,20,20,45,25,1,0
40,Wigglytuff,normal,fairy,CuteCharm,Competitive,Frisk,435,140,70,45,45,85,50,1,0
41,Zubat,poison,flying,InnerFocus,,Infiltrator,245,40,45,35,55,30,40,1,0
42,Golbat,poison,flying,InnerFocus,,Infiltrator,455,75,80,70,90,65,75,1,0
43,Oddish,grass,poison,Chlorophyll,,RunAway,320,45,50,55,30,75,65,1,0
44,Gloom,grass,poison,Chlorophyll,,Stench,395,60,65,70,40,85,75,1,0
45,Vileplume,grass,poison,Chlorophyll,,EffectSpore,490,75,80,85,50,110,90,1,0
46,Paras,bug,grass,EffectSpore,DrySkin,Damp,285,35,70,55,25,45,55,1,0
47,Parasect,bug,grass,EffectSpore,DrySkin,Damp,405,60,95,80,30,60,80,1,0
48,Venonat,bug,poison,Compoundeyes,TintedLens,RunAway,305,60,55,50,45,40,55,1,0
49,Venomoth,bug,poison,ShieldDust,TintedLens,WonderSkin,450,70,65,60,90,90,75,1,0
50,Diglett,ground,,SandVeil,ArenaTrap,SandForce,265,10,55,30,90,35,45,1,0
51,Dugtrio,ground,,SandVeil,ArenaTrap,SandForce,425,35,100,60,110,50,70,1,0
52,Meowth,normal,,Pickup,Technician,Unnerve,290,40,35,35,90,50,40,1,0
53,Persian,normal,,Limber,Technician,Unnerve,440,65,60,60,115,75,65,1,0
54,Psyduck,water,,Damp,CloudNine,SwiftSwim,320,50,52,48,55,65,50,1,0
55,Golduck,water,,Damp,CloudNine,SwiftSwim,500,80,82,78,85,95,80,1,0
56,Mankey,fighting,,VitalSpirit,AngerPoint,Defiant,305,40,80,35,70,35,45,1,0
57,Primeape,fighting,,VitalSpirit,AngerPoint,Defiant,455,65,105,60,95,60,70,1,0
58,Growlithe,fire,,Intimidate,FlashFire,Justified,350,55,70,45,60,70,50,1,0
59,Arcanine,fire,,Intimidate,FlashFire,Justified,555,90,110,80,95,100,80,1,0
60,Poliwag,water,,WaterAbsorb,Damp,SwiftSwim,300,40,50,40,90,40,40,1,0
61,Poliwhirl,water,,WaterAbsorb,Damp,SwiftSwim,385,65,65,65,90,50,50,1,0
62,Poliwrath,water,fighting,WaterAbsorb,Damp,SwiftSwim,510,90,95,95,70,70,90,1,0
63,Abra,psychic,,Synchronize,InnerFocus,MagicGuard,310,25,20,15,90,105,55,1,0
64,Kadabra,psychic,,Synchronize,InnerFocus,MagicGuard,400,40,35,30,105,120,70,1,0
65,Alakazam,psychic,,Synchronize,InnerFocus,MagicGuard,600,55,50,65,150,175,105,1,0
66,Machop,fighting,,Guts,NoGuard,Steadfast,305,70,80,50,35,35,35,1,0
67,Machoke,fighting,,Guts,NoGuard,Steadfast,405,80,100,70,45,50,60,1,0
68,Machamp,fighting,,Guts,NoGuard,Steadfast,505,90,130,80,55,65,85,1,0
69,Bellsprout,grass,poison,Chlorophyll,,Gluttony,300,50,75,35,40,70,30,1,0
70,Weepinbell,grass,poison,Chlorophyll,,Gluttony,390,65,90,50,55,85,45,1,0
71,Victreebel,grass,poison,Chlorophyll,,Gluttony,490,80,105,65,70,100,70,1,0
72,Tentacool,water,poison,ClearBody,LiquidOoze,RainDish,335,40,40,35,70,50,100,1,0
73,Tentacruel,water,poison,ClearBody,LiquidOoze,RainDish,515,80,70,65,100,80,120,1,0
74,Geodude,rock,ground,RockHead,Sturdy,SandVeil,300,40,80,100,20,30,30,1,0
75,Graveler,rock,ground,RockHead,Sturdy,SandVeil,390,55,95,115,35,45,45,1,0
76,Golem,rock,ground,RockHead,Sturdy,SandVeil,495,80,120,130,45,55,65,1,0
77,Ponyta,fire,,RunAway,FlashFire,FlameBody,410,50,85,55,90,65,65,1,0
78,Rapidash,fire,,RunAway,FlashFire,FlameBody,500,65,100,70,105,80,80,1,0
79,Slowpoke,water,psychic,Oblivious,OwnTempo,Regenerator,315,90,65,65,15,40,40,1,0
80,Slowbro,water,psychic,Oblivious,OwnTempo,Regenerator,590,95,75,180,30,130,80,1,0
81,Magnemite,electric,steel,MagnetPull,Sturdy,Analytic,325,25,35,70,45,95,55,1,0
82,Magneton,electric,steel,MagnetPull,Sturdy,Analytic,465,50,60,95,70,120,70,1,0
83,Farfetch'd,normal,flying,KeenEye,InnerFocus,Defiant,377,52,90,55,60,58,62,1,0
84,Doduo,normal,flying,RunAway,EarlyBird,TangledFeet,310,35,85,45,75,35,35,1,0
85,Dodrio,normal,flying,RunAway,EarlyBird,TangledFeet,470,60,110,70,110,60,60,1,0
86,Seel,water,,ThickFat,Hydration,IceBody,325,65,45,55,45,45,70,1,0
87,Dewgong,water,ice,ThickFat,Hydration,IceBody,475,90,70,80,70,70,95,1,0
88,Grimer,poison,,Stench,StickyHold,PoisonTouch,325,80,80,50,25,40,50,1,0
89,Muk,poison,,Stench,StickyHold,PoisonTouch,500,105,105,75,50,65,100,1,0
90,Shellder,water,,ShellArmor,SkillLink,Overcoat,305,30,65,100,40,45,25,1,0
91,Cloyster,water,ice,ShellArmor,SkillLink,Overcoat,525,50,95,180,70,85,45,1,0
92,Gastly,ghost,poison,Levitate,,,310,30,35,30,80,100,35,1,0
93,Haunter,ghost,poison,Levitate,,,405,45,50,45,95,115,55,1,0
94,Gengar,ghost,poison,CursedBody,,,600,60,65,80,130,170,95,1,0
95,Onix,rock,ground,RockHead,Sturdy,WeakArmor,385,35,45,160,70,30,45,1,0
96,Drowzee,psychic,,Insomnia,Forewarn,InnerFocus,328,60,48,45,42,43,90,1,0
97,Hypno,psychic,,Insomnia,Forewarn,InnerFocus,483,85,73,70,67,73,115,1,0
98,Krabby,water,,HyperCutter,ShellArmor,SheerForce,325,30,105,90,50,25,25,1,0
99,Kingler,water,,HyperCutter,ShellArmor,SheerForce,475,55,130,115,75,50,50,1,0
100,Voltorb,electric,,Soundproof,Static,Aftermath,330,40,30,50,100,55,55,1,0
101,Electrode,electric,,Soundproof,Static,Aftermath,490,60,50,70,150,80,80,1,0
102,Exeggcute,grass,psychic,Chlorophyll,,Harvest,325,60,40,80,40,60,45,1,0
103,Exeggutor,grass,psychic,Chlorophyll,,Harvest,530,95,105,85,45,125,75,1,0
104,Cubone,ground,,RockHead,Lightningrod,BattleArmor,320,50,50,95,35,40,50,1,0
105,Marowak,ground,,RockHead,Lightningrod,BattleArmor,425,60,80,110,45,50,80,1,0
106,Hitmonlee,fighting,,Limber,Reckless,Unburden,455,50,120,53,87,35,110,1,0
107,Hitmonchan,fighting,,KeenEye,IronFist,InnerFocus,455,50,105,79,76,35,110,1,0
108,Lickitung,normal,,OwnTempo,Oblivious,CloudNine,385,90,55,75,30,60,75,1,0
109,Koffing,poison,,Levitate,,,340,40,65,95,35,60,45,1,0
110,Weezing,poison,,Levitate,,,490,65,90,120,60,85,70,1,0
111,Rhyhorn,ground,rock,Lightningrod,RockHead,Reckless,345,80,85,95,25,30,30,1,0
112,Rhydon,ground,rock,Lightningrod,RockHead,Reckless,485,105,130,120,40,45,45,1,0
113,Chansey,normal,,NaturalCure,SereneGrace,Healer,450,250,5,5,50,35,105,1,0
114,Tangela,grass,,Chlorophyll,LeafGuard,Regenerator,435,65,55,115,60,100,40,1,0
115,Kangaskhan,normal,,EarlyBird,Scrappy,InnerFocus,590,105,125,100,100,60,100,1,0
116,Horsea,water,,SwiftSwim,Sniper,Damp,295,30,40,70,60,70,25,1,0
117,Seadra,water,,PoisonPoint,Sniper,Damp,440,55,65,95,85,95,45,1,0
118,Goldeen,water,,SwiftSwim,WaterVeil,Lightningrod,320,45,67,60,63,35,50,1,0
119,Seaking,water,,SwiftSwim,WaterVeil,Lightningrod,450,80,92,65,68,65,80,1,0
120,Staryu,water,,Illuminate,NaturalCure,Analytic,340,30,45,55,85,70,55,1,0
121,Starmie,water,psychic,Illuminate,NaturalCure,Analytic,520,60,75,85,115,100,85,1,0
122,Mr. Mime,psychic,fairy,Soundproof,Filter,Technician,460,40,45,65,90,100,120,1,0
123,Scyther,bug,flying,Swarm,Technician,Steadfast,500,70,110,80,105,55,80,1,0
124,Jynx,ice,psychic,Oblivious,Forewarn,DrySkin,455,65,50,35,95,115,95,1,0
125,Electabuzz,electric,,Static,,VitalSpirit,490,65,83,57,105,95,85,1,0
126,Magmar,fire,,FlameBody,,VitalSpirit,495,65,95,57,93,100,85,1,0
127,Pinsir,bug,,HyperCutter,MoldBreaker,Moxie,600,65,155,120,105,65,90,1,0
128,Tauros,normal,,Intimidate,AngerPoint,SheerForce,490,75,100,95,110,40,70,1,0
129,Magikarp,water,,SwiftSwim,,Rattled,200,20,10,55,80,15,20,1,0
130,Gyarados,water,flying,Intimidate,,Moxie,640,95,155,109,81,70,130,1,0
131,Lapras,water,ice,WaterAbsorb,ShellArmor,Hydration,535,130,85,80,60,85,95,1,0
132,Ditto,normal,,Limber,,Imposter,288,48,48,48,48,48,48,1,0
133,Eevee,normal,,RunAway,Adaptability,Anticipation,325,55,55,50,55,45,65,1,0
134,Vaporeon,water,,WaterAbsorb,,Hydration,525,130,65,60,65,110,95,1,0
135,Jolteon,electric,,VoltAbsorb,,QuickFeet,525,65,65,60,130,110,95,1,0
136,Flareon,fire,,FlashFire,,Guts,525,65,130,60,65,95,110,1,0
137,Porygon,normal,,Trace,Download,Analytic,395,65,60,70,40,85,75,1,0
138,Omanyte,rock,water,SwiftSwim,ShellArmor,WeakArmor,355,35,40,100,35,90,55,1,0
139,Omastar,rock,water,SwiftSwim,ShellArmor,WeakArmor,495,70,60,125,55,115,70,1,0
140,Kabuto,rock,water,SwiftSwim,BattleArmor,WeakArmor,355,30,80,90,55,55,45,1,0
141,Kabutops,rock,water,SwiftSwim,BattleArmor,WeakArmor,495,60,115,105,80,65,70,1,0
142,Aerodactyl,rock,flying,RockHead,Pressure,Unnerve,615,80,135,85,150,70,95,1,0
143,Snorlax,normal,,Immunity,ThickFat,Gluttony,540,160,110,65,30,65,110,1,0
144,Articuno,ice,flying,Pressure,,SnowCloak,580,90,85,100,85,95,125,1,1
145,Zapdos,electric,flying,Pressure,,Static,580,90,90,85,100,125,90,1,1
146,Moltres,fire,flying,Pressure,,FlameBody,580,90,100,90,90,125,85,1,1
147,Dratini,dragon,,ShedSkin,,MarvelScale,300,41,64,45,50,50,50,1,0
148,Dragonair,dragon,,ShedSkin,,MarvelScale,420,61,84,65,70,70,70,1,0
149,Dragonite,dragon,flying,InnerFocus,,Multiscale,600,91,134,95,80,100,100,1,0
150,Mewtwo,psychic,,Pressure,,Unnerve,780,106,150,70,140,194,120,1,1
151,Mew,psychic,,Synchronize,,,600,100,100,100,100,100,100,1,1
152,Chikorita,grass,,Overgrow,,LeafGuard,318,45,49,65,45,49,65,2,0
153,Bayleef,grass,,Overgrow,,LeafGuard,405,60,62,80,60,63,80,2,0
154,Meganium,grass,,Overgrow,,LeafGuard,525,80,82,100,80,83,100,2,0
155,Cyndaquil,fire,,Blaze,,FlashFire,309,39,52,43,65,60,50,2,0
156,Quilava,fire,,Blaze,,FlashFire,405,58,64,58,80,80,65,2,0
157,Typhlosion,fire,,Blaze,,FlashFire,534,78,84,78,100,109,85,2,0
158,Totodile,water,,Torrent,,SheerForce,314,50,65,64,43,44,48,2,0
159,Croconaw,water,,Torrent,,SheerForce,405,65,80,80,58,59,63,2,0
160,Feraligatr,water,,Torrent,,SheerForce,530,85,105,100,78,79,83,2,0
161,Sentret,normal,,RunAway,KeenEye,Frisk,215,35,46,34,20,35,45,2,0
162,Furret,normal,,RunAway,KeenEye,Frisk,415,85,76,64,90,45,55,2,0
163,Hoothoot,normal,flying,Insomnia,KeenEye,TintedLens,262,60,30,30,50,36,56,2,0
164,Noctowl,normal,flying,Insomnia,KeenEye,TintedLens,452,100,50,50,70,86,96,2,0
165,Ledyba,bug,flying,Swarm,EarlyBird,Rattled,265,40,20,30,55,40,80,2,0
166,Ledian,bug,flying,Swarm,EarlyBird,IronFist,390,55,35,50,85,55,110,2,0
167,Spinarak,bug,poison,Swarm,Insomnia,Sniper,250,40,60,40,30,40,40,2,0
168,Ariados,bug,poison,Swarm,Insomnia,Sniper,400,70,90,70,40,60,70,2,0
169,Crobat,poison,flying,InnerFocus,,Infiltrator,535,85,90,80,130,70,80,2,0
170,Chinchou,water,electric,VoltAbsorb,Illuminate,WaterAbsorb,330,75,38,38,67,56,56,2,0
171,Lanturn,water,electric,VoltAbsorb,Illuminate,WaterAbsorb,460,125,58,58,67,76,76,2,0
172,Pichu,electric,,Static,,Lightningrod,205,20,40,15,60,35,35,2,0
173,Cleffa,fairy,,CuteCharm,MagicGuard,FriendGuard,218,50,25,28,15,45,55,2,0
174,Igglybuff,normal,fairy,CuteCharm,Competitive,FriendGuard,210,90,30,15,15,40,20,2,0
175,Togepi,fairy,,Hustle,SereneGrace,SuperLuck,245,35,20,65,20,40,65,2,0
176,Togetic,fairy,flying,Hustle,SereneGrace,SuperLuck,405,55,40,85,40,80,105,2,0
177,Natu,psychic,flying,Synchronize,EarlyBird,MagicBounce,320,40,50,45,70,70,45,2,0
178,Xatu,psychic,flying,Synchronize,EarlyBird,MagicBounce,470,65,75,70,95,95,70,2,0
179,Mareep,electric,,Static,,Plus,280,55,40,40,35,65,45,2,0
180,Flaaffy,electric,,Static,,Plus,365,70,55,55,45,80,60,2,0
181,Ampharos,electric,,Static,,Plus,610,90,95,105,45,165,110,2,0
182,Bellossom,grass,,Chlorophyll,,Healer,490,75,80,95,50,90,100,2,0
183,Marill,water,fairy,ThickFat,HugePower,SapSipper,250,70,20,50,40,20,50,2,0
184,Azumarill,water,fairy,ThickFat,HugePower,SapSipper,420,100,50,80,50,60,80,2,0
185,Sudowoodo,rock,,Sturdy,RockHead,Rattled,410,70,100,115,30,30,65,2,0
186,Politoed,water,,WaterAbsorb,Damp,Drizzle,500,90,75,75,70,90,100,2,0
187,Hoppip,grass,flying,Chlorophyll,LeafGuard,Infiltrator,250,35,35,40,50,35,55,2,0
188,Skiploom,grass,flying,Chlorophyll,LeafGuard,Infiltrator,340,55,45,50,80,45,65,2,0
189,Jumpluff,grass,flying,Chlorophyll,LeafGuard,Infiltrator,460,75,55,70,110,55,95,2,0
190,Aipom,normal,,RunAway,Pickup,SkillLink,360,55,70,55,85,40,55,2,0
191,Sunkern,grass,,Chlorophyll,SolarPower,EarlyBird,180,30,30,30,30,30,30,2,0
192,Sunflora,grass,,Chlorophyll,SolarPower,EarlyBird,425,75,75,55,30,105,85,2,0
193,Yanma,bug,flying,SpeedBoost,Compoundeyes,Frisk,390,65,65,45,95,75,45,2,0
194,Wooper,water,ground,Damp,WaterAbsorb,Unaware,210,55,45,45,15,25,25,2,0
195,Quagsire,water,ground,Damp,WaterAbsorb,Unaware,430,95,85,85,35,65,65,2,0
196,Espeon,psychic,,Synchronize,,MagicBounce,525,65,65,60,110,130,95,2,0
197,Umbreon,dark,,Synchronize,,InnerFocus,525,95,65,110,65,60,130,2,0
198,Murkrow,dark,flying,Insomnia,SuperLuck,Prankster,405,60,85,42,91,85,42,2,0
199,Slowking,water,psychic,Oblivious,OwnTempo,Regenerator,490,95,75,80,30,100,110,2,0
200,Misdreavus,ghost,,Levitate,,,435,60,60,60,85,85,85,2,0
201,Unown,psychic,,Levitate,,,336,48,72,48,48,72,48,2,0
202,Wobbuffet,psychic,,ShadowTag,,Telepathy,405,190,33,58,33,33,58,2,0
203,Girafarig,normal,psychic,InnerFocus,EarlyBird,SapSipper,455,70,80,65,85,90,65,2,0
204,Pineco,bug,,Sturdy,,Overcoat,290,50,65,90,15,35,35,2,0
205,Forretress,bug,steel,Sturdy,,Overcoat,465,75,90,140,40,60,60,2,0
206,Dunsparce,normal,,SereneGrace,RunAway,Rattled,415,100,70,70,45,65,65,2,0
207,Gligar,ground,flying,HyperCutter,SandVeil,Immunity,430,65,75,105,85,35,65,2,0
208,Steelix,steel,ground,RockHead,Sturdy,SheerForce,610,75,125,230,30,55,95,2,0
209,Snubbull,fairy,,Intimidate,RunAway,Rattled,300,60,80,50,30,40,40,2,0
210,Granbull,fairy,,Intimidate,QuickFeet,Rattled,450,90,120,75,45,60,60,2,0
211,Qwilfish,water,poison,PoisonPoint,SwiftSwim,Intimidate,440,65,95,85,85,55,55,2,0
212,Scizor,bug,steel,Swarm,Technician,LightMetal,600,70,150,140,75,65,100,2,0
213,Shuckle,bug,rock,Sturdy,Gluttony,Contrary,505,20,10,230,5,10,230,2,0
214,Heracross,bug,fighting,Swarm,Guts,Moxie,600,80,185,115,75,40,105,2,0
215,Sneasel,dark,ice,InnerFocus,KeenEye,Pickpocket,430,55,95,55,115,35,75,2,0
216,Teddiursa,normal,,Pickup,QuickFeet,HoneyGather,330,60,80,50,40,50,50,2,0
217,Ursaring,normal,,Guts,QuickFeet,Unnerve,500,90,130,75,55,75,75,2,0
218,Slugma,fire,,MagmaArmor,FlameBody,WeakArmor,250,40,40,40,20,70,40,2,0
219,Magcargo,fire,rock,MagmaArmor,FlameBody,WeakArmor,430,60,50,120,30,90,80,2,0
220,Swinub,ice,ground,Oblivious,SnowCloak,ThickFat,250,50,50,40,50,30,30,2,0
221,Piloswine,ice,ground,Oblivious,SnowCloak,ThickFat,450,100,100,80,50,60,60,2,0
222,Corsola,water,rock,Hustle,NaturalCure,Regenerator,410,65,55,95,35,65,95,2,0
223,Remoraid,water,,Hustle,Sniper,Moody,300,35,65,35,65,65,35,2,0
224,Octillery,water,,SuctionCups,Sniper,Moody,480,75,105,75,45,105,75,2,0
225,Delibird,ice,flying,VitalSpirit,Hustle,Insomnia,330,45,55,45,75,65,45,2,0
226,Mantine,water,flying,SwiftSwim,WaterAbsorb,WaterVeil,485,85,40,70,70,80,140,2,0
227,Skarmory,steel,flying,KeenEye,Sturdy,WeakArmor,465,65,80,140,70,40,70,2,0
228,Houndour,dark,fire,EarlyBird,FlashFire,Unnerve,330,45,60,30,65,80,50,2,0
229,Houndoom,dark,fire,EarlyBird,FlashFire,Unnerve,600,75,90,90,115,140,90,2,0
230,Kingdra,water,dragon,SwiftSwim,Sniper,Damp,540,75,95,95,85,95,95,2,0
231,Phanpy,ground,,Pickup,,SandVeil,330,90,60,60,40,40,40,2,0
232,Donphan,ground,,Sturdy,,SandVeil,500,90,120,120,50,60,60,2,0
233,Porygon2,normal,,Trace,Download,Analytic,515,85,80,90,60,105,95,2,0
234,Stantler,normal,,Intimidate,Frisk,SapSipper,465,73,95,62,85,85,65,2,0
235,Smeargle,normal,,OwnTempo,Technician,Moody,250,55,20,35,75,20,45,2,0
236,Tyrogue,fighting,,Guts,Steadfast,VitalSpirit,210,35,35,35,35,35,35,2,0
237,Hitmontop,fighting,,Intimidate,Technician,Steadfast,455,50,95,95,70,35,110,2,0
238,Smoochum,ice,psychic,Oblivious,Forewarn,Hydration,305,45,30,15,65,85,65,2,0
239,Elekid,electric,,Static,,VitalSpirit,360,45,63,37,95,65,55,2,0
240,Magby,fire,,FlameBody,,VitalSpirit,365,45,75,37,83,70,55,2,0
241,Miltank,normal,,ThickFat,Scrappy,SapSipper,490,95,80,105,100,40,70,2,0
242,Blissey,normal,,NaturalCure,SereneGrace,Healer,540,255,10,10,55,75,135,2,0
243,Raikou,electric,,Pressure,,InnerFocus,580,90,85,75,115,115,100,2,1
244,Entei,fire,,Pressure,,InnerFocus,580,115,115,85,100,90,75,2,1
245,Suicune,water,,Pressure,,InnerFocus,580,100,75,115,85,90,115,2,1
246,Larvitar,rock,ground,Guts,,SandVeil,300,50,64,50,41,45,50,2,0
247,Pupitar,rock,ground,ShedSkin,,,410,70,84,70,51,65,70,2,0
248,Tyranitar,rock,dark,SandStream,,Unnerve,700,100,164,150,71,95,120,2,0
249,Lugia,psychic,flying,Pressure,,Multiscale,680,106,90,130,110,90,154,2,1
250,Ho-Oh,fire,flying,Pressure,,Regenerator,680,106,130,90,90,110,154,2,1
251,Celebi,psychic,grass,NaturalCure,,,600,100,100,100,100,100,100,2,1
252,Treecko,grass,,Overgrow,,Unburden,310,40,45,35,70,65,55,3,0
253,Grovyle,grass,,Overgrow,,Unburden,405,50,65,45,95,85,65,3,0
254,Sceptile,grass,,Overgrow,,Unburden,630,70,110,75,145,145,85,3,0
255,Torchic,fire,,Blaze,,SpeedBoost,310,45,60,40,45,70,50,3,0
256,Combusken,fire,fighting,Blaze,,SpeedBoost,405,60,85,60,55,85,60,3,0
257,Blaziken,fire,fighting,Blaze,,SpeedBoost,630,80,160,80,100,130,80,3,0
258,Mudkip,water,,Torrent,,Damp,310,50,70,50,40,50,50,3,0
259,Marshtomp,water,ground,Torrent,,Damp,405,70,85,70,50,60,70,3,0
260,Swampert,water,ground,Torrent,,Damp,635,100,150,110,70,95,110,3,0
261,Poochyena,dark,,RunAway,QuickFeet,Rattled,220,35,55,35,35,30,30,3,0
262,Mightyena,dark,,Intimidate,QuickFeet,Moxie,420,70,90,70,70,60,60,3,0
263,Zigzagoon,normal,,Pickup,Gluttony,QuickFeet,240,38,30,41,60,30,41,3,0
264,Linoone,normal,,Pickup,Gluttony,QuickFeet,420,78,70,61,100,50,61,3,0
265,Wurmple,bug,,ShieldDust,,RunAway,195,45,45,35,20,20,30,3,0
266,Silcoon,bug,,ShedSkin,,,205,50,35,55,15,25,25,3,0
267,Beautifly,bug,flying,Swarm,,Rivalry,395,60,70,50,65,100,50,3,0
268,Cascoon,bug,,ShedSkin,,,205,50,35,55,15,25,25,3,0
269,Dustox,bug,poison,ShieldDust,,Compoundeyes,385,60,50,70,65,50,90,3,0
270,Lotad,water,grass,SwiftSwim,RainDish,OwnTempo,220,40,30,30,30,40,50,3,0
271,Lombre,water,grass,SwiftSwim,RainDish,OwnTempo,340,60,50,50,50,60,70,3,0
272,Ludicolo,water,grass,SwiftSwim,RainDish,OwnTempo,480,80,70,70,70,90,100,3,0
273,Seedot,grass,,Chlorophyll,EarlyBird,Pickpocket,220,40,40,50,30,30,30,3,0
274,Nuzleaf,grass,dark,Chlorophyll,EarlyBird,Pickpocket,340,70,70,40,60,60,40,3,0
275,Shiftry,grass,dark,Chlorophyll,EarlyBird,Pickpocket,480,90,100,60,80,90,60,3,0
276,Taillow,normal,flying,Guts,,Scrappy,270,40,55,30,85,30,30,3,0
277,Swellow,normal,flying,Guts,,Scrappy,455,60,85,60,125,75,50,3,0
278,Wingull,water,flying,KeenEye,Hydration,RainDish,270,40,30,30,85,55,30,3,0
279,Pelipper,water,flying,KeenEye,Drizzle,RainDish,440,60,50,100,65,95,70,3,0
280,Ralts,psychic,fairy,Synchronize,Trace,Telepathy,198,28,25,25,40,45,35,3,0
281,Kirlia,psychic,fairy,Synchronize,Trace,Telepathy,278,38,35,35,50,65,55,3,0
282,Gardevoir,psychic,fairy,Synchronize,Trace,Telepathy,618,68,85,65,100,165,135,3,0
283,Surskit,bug,water,SwiftSwim,,RainDish,269,40,30,32,65,50,52,3,0
284,Masquerain,bug,flying,Intimidate,,Unnerve,454,70,60,62,80,100,82,3,0
285,Shroomish,grass,,EffectSpore,PoisonHeal,QuickFeet,295,60,40,60,35,40,60,3,0
286,Breloom,grass,fighting,EffectSpore,PoisonHeal,Technician,460,60,130,80,70,60,60,3,0
287,Slakoth,normal,,Truant,,,280,60,60,60,30,35,35,3,0
288,Vigoroth,normal,,VitalSpirit,,,440,80,80,80,90,55,55,3,0
289,Slaking,normal,,Truant,,,670,150,160,100,100,95,65,3,0
290,Nincada,bug,ground,Compoundeyes,,RunAway,266,31,45,90,40,30,30,3,0
291,Ninjask,bug,flying,SpeedBoost,,Infiltrator,456,61,90,45,160,50,50,3,0
292,Shedinja,bug,ghost,WonderGuard,,,236,1,90,45,40,30,30,3,0
293,Whismur,normal,,Soundproof,,Rattled,240,64,51,23,28,51,23,3,0
294,Loudred,normal,,Soundproof,,Scrappy,360,84,71,43,48,71,43,3,0
295,Exploud,normal,,Soundproof,,Scrappy,490,104,91,63,68,91,73,3,0
296,Makuhita,fighting,,ThickFat,Guts,SheerForce,237,72,60,30,25,20,30,3,0
297,Hariyama,fighting,,ThickFat,Guts,SheerForce,474,144,120,60,50,40,60,3,0
298,Azurill,normal,fairy,ThickFat,HugePower,SapSipper,190,50,20,40,20,20,40,3,0
299,Nosepass,rock,,Sturdy,MagnetPull,SandForce,375,30,45,135,30,45,90,3,0
300,Skitty,normal,,CuteCharm,Normalize,WonderSkin,260,50,45,45,50,35,35,3,0
301,Delcatty,normal,,CuteCharm,Normalize,WonderSkin,400,70,65,65,90,55,55,3,0
302,Sableye,dark,ghost,KeenEye,Stall,Prankster,480,50,85,125,20,85,115,3,0
303,Mawile,steel,fairy,HyperCutter,Intimidate,SheerForce,480,50,105,125,50,55,95,3,0
304,Aron,steel,rock,Sturdy,RockHead,HeavyMetal,330,50,70,100,30,40,40,3,0
305,Lairon,steel,rock,Sturdy,RockHead,HeavyMetal,430,60,90,140,40,50,50,3,0
306,Aggron,steel,rock,Sturdy,RockHead,HeavyMetal,630,70,140,230,50,60,80,3,0
307,Meditite,fighting,psychic,PurePower,,Telepathy,280,30,40,55,60,40,55,3,0
308,Medicham,fighting,psychic,PurePower,,Telepathy,510,60,100,85,100,80,85,3,0
309,Electrike,electric,,Static,Lightningrod,Minus,295,40,45,40,65,65,40,3,0
310,Manectric,electric,,Static,Lightningrod,Minus,575,70,75,80,135,135,80,3,0
311,Plusle,electric,,Plus,,Lightningrod,405,60,50,40,95,85,75,3,0
312,Minun,electric,,Minus,,VoltAbsorb,405,60,40,50,95,75,85,3,0
313,Volbeat,bug,,Illuminate,Swarm,Prankster,430,65,73,75,85,47,85,3,0
314,Illumise,bug,,Oblivious,TintedLens,Prankster,430,65,47,75,85,73,85,3,0
315,Roselia,grass,poison,NaturalCure,PoisonPoint,LeafGuard,400,50,60,45,65,100,80,3,0
316,Gulpin,poison,,LiquidOoze,StickyHold,Gluttony,302,70,43,53,40,43,53,3,0
317,Swalot,poison,,LiquidOoze,StickyHold,Gluttony,467,100,73,83,55,73,83,3,0
318,Carvanha,water,dark,RoughSkin,,SpeedBoost,305,45,90,20,65,65,20,3,0
319,Sharpedo,water,dark,RoughSkin,,SpeedBoost,560,70,140,70,105,110,65,3,0
320,Wailmer,water,,WaterVeil,Oblivious,Pressure,400,130,70,35,60,70,35,3,0
321,Wailord,water,,WaterVeil,Oblivious,Pressure,500,170,90,45,60,90,45,3,0
322,Numel,fire,ground,Oblivious,Simple,OwnTempo,305,60,60,40,35,65,45,3,0
323,Camerupt,fire,ground,MagmaArmor,SolidRock,AngerPoint,560,70,120,100,20,145,105,3,0
324,Torkoal,fire,,WhiteSmoke,Drought,ShellArmor,470,70,85,140,20,85,70,3,0
325,Spoink,psychic,,ThickFat,OwnTempo,Gluttony,330,60,25,35,60,70,80,3,0
326,Grumpig,psychic,,ThickFat,OwnTempo,Gluttony,470,80,45,65,80,90,110,3,0
327,Spinda,normal,,OwnTempo,TangledFeet,Contrary,360,60,60,60,60,60,60,3,0
328,Trapinch,ground,,HyperCutter,ArenaTrap,SheerForce,290,45,100,45,10,45,45,3,0
329,Vibrava,ground,dragon,Levitate,,,340,50,70,50,70,50,50,3,0
330,Flygon,ground,dragon,Levitate,,,520,80,100,80,100,80,80,3,0
331,Cacnea,grass,,SandVeil,,WaterAbsorb,335,50,85,40,35,85,40,3,0
332,Cacturne,grass,dark,SandVeil,,WaterAbsorb,475,70,115,60,55,115,60,3,0
333,Swablu,normal,flying,NaturalCure,,CloudNine,310,45,40,60,50,40,75,3,0
334,Altaria,dragon,flying,NaturalCure,,CloudNine,590,75,110,110,80,110,105,3,0
335,Zangoose,normal,,Immunity,,ToxicBoost,458,73,115,60,90,60,60,3,0
336,Seviper,poison,,ShedSkin,,Infiltrator,458,73,100,60,65,100,60,3,0
337,Lunatone,rock,psychic,Levitate,,,460,90,55,65,70,95,85,3,0
338,Solrock,rock,psychic,Levitate,,,460,90,95,85,70,55,65,3,0
339,Barboach,water,ground,Oblivious,Anticipation,Hydration,288,50,48,43,60,46,41,3,0
340,Whiscash,water,ground,Oblivious,Anticipation,Hydration,468,110,78,73,60,76,71,3,0
341,Corphish,water,,HyperCutter,ShellArmor,Adaptability,308,43,80,65,35,50,35,3,0
342,Crawdaunt,water,dark,HyperCutter,ShellArmor,Adaptability,468,63,120,85,55,90,55,3,0
343,Baltoy,ground,psychic,Levitate,,,300,40,40,55,55,40,70,3,0
344,Claydol,ground,psychic,Levitate,,,500,60,70,105,75,70,120,3,0
345,Lileep,rock,grass,SuctionCups,,StormDrain,355,66,41,77,23,61,87,3,0
346,Cradily,rock,grass,SuctionCups,,StormDrain,495,86,81,97,43,81,107,3,0
347,Anorith,rock,bug,BattleArmor,,SwiftSwim,355,45,95,50,75,40,50,3,0
348,Armaldo,rock,bug,BattleArmor,,SwiftSwim,495,75,125,100,45,70,80,3,0
349,Feebas,water,,SwiftSwim,Oblivious,Adaptability,200,20,15,20,80,10,55,3,0
350,Milotic,water,,MarvelScale,Competitive,CuteCharm,540,95,60,79,81,100,125,3,0
351,Castform,normal,,Forecast,,,420,70,70,70,70,70,70,3,0
352,Kecleon,normal,,ColorChange,,Protean,440,60,90,70,40,60,120,3,0
353,Shuppet,ghost,,Insomnia,Frisk,CursedBody,295,44,75,35,45,63,33,3,0
354,Banette,ghost,,Insomnia,Frisk,CursedBody,555,64,165,75,75,93,83,3,0
355,Duskull,ghost,,Levitate,,Frisk,295,20,40,90,25,30,90,3,0
356,Dusclops,ghost,,Pressure,,Frisk,455,40,70,130,25,60,130,3,0
357,Tropius,grass,flying,Chlorophyll,SolarPower,Harvest,460,99,68,83,51,72,87,3,0
358,Chimecho,psychic,,Levitate,,,455,75,50,80,65,95,90,3,0
359,Absol,dark,,Pressure,SuperLuck,Justified,565,65,150,60,115,115,60,3,0
360,Wynaut,psychic,,ShadowTag,,Telepathy,260,95,23,48,23,23,48,3,0
361,Snorunt,ice,,InnerFocus,IceBody,Moody,300,50,50,50,50,50,50,3,0
362,Glalie,ice,,InnerFocus,IceBody,Moody,580,80,120,80,100,120,80,3,0
363,Spheal,ice,water,ThickFat,IceBody,Oblivious,290,70,40,50,25,55,50,3,0
364,Sealeo,ice,water,ThickFat,IceBody,Oblivious,410,90,60,70,45,75,70,3,0
365,Walrein,ice,water,ThickFat,IceBody,Oblivious,530,110,80,90,65,95,90,3,0
366,Clamperl,water,,ShellArmor,,Rattled,345,35,64,85,32,74,55,3,0
367,Huntail,water,,SwiftSwim,,WaterVeil,485,55,104,105,52,94,75,3,0
368,Gorebyss,water,,SwiftSwim,,Hydration,485,55,84,105,52,114,75,3,0
369,Relicanth,water,rock,SwiftSwim,RockHead,Sturdy,485,100,90,130,55,45,65,3,0
370,Luvdisc,water,,SwiftSwim,,Hydration,330,43,30,55,97,40,65,3,0
371,Bagon,dragon,,RockHead,,SheerForce,300,45,75,60,50,40,30,3,0
372,Shelgon,dragon,,RockHead,,Overcoat,420,65,95,100,50,60,50,3,0
373,Salamence,dragon,flying,Intimidate,,Moxie,700,95,145,130,120,120,90,3,0
374,Beldum,steel,psychic,ClearBody,,LightMetal,300,40,55,80,30,35,60,3,0
375,Metang,steel,psychic,ClearBody,,LightMetal,420,60,75,100,50,55,80,3,0
376,Metagross,steel,psychic,ClearBody,,LightMetal,700,80,145,150,110,105,110,3,0
377,Regirock,rock,,ClearBody,,Sturdy,580,80,100,200,50,50,100,3,1
378,Regice,ice,,ClearBody,,IceBody,580,80,50,100,50,100,200,3,1
379,Registeel,steel,,ClearBody,,LightMetal,580,80,75,150,50,75,150,3,1
380,Latias,dragon,psychic,Levitate,,,700,80,100,120,110,140,150,3,1
381,Latios,dragon,psychic,Levitate,,,700,80,130,100,110,160,120,3,1
382,Kyogre,water,,Drizzle,,,770,100,150,90,90,180,160,3,1
383,Groudon,ground,,Drought,,,770,100,180,160,90,150,90,3,1
384,Rayquaza,dragon,flying,AirLock,,,780,105,180,100,115,180,100,3,1
385,Jirachi,steel,psychic,SereneGrace,,,600,100,100,100,100,100,100,3,1
386,Deoxys,psychic,,Pressure,,,600,50,95,90,180,95,90,3,1
387,Turtwig,grass,,Overgrow,,ShellArmor,318,55,68,64,31,45,55,4,0
388,Grotle,grass,,Overgrow,,ShellArmor,405,75,89,85,36,55,65,4,0
389,Torterra,grass,ground,Overgrow,,ShellArmor,525,95,109,105,56,75,85,4,0
390,Chimchar,fire,,Blaze,,IronFist,309,44,58,44,61,58,44,4,0
391,Monferno,fire,fighting,Blaze,,IronFist,405,64,78,52,81,78,52,4,0
392,Infernape,fire,fighting,Blaze,,IronFist,534,76,104,71,108,104,71,4,0
393,Piplup,water,,Torrent,,Defiant,314,53,51,53,40,61,56,4,0
394,Prinplup,water,,Torrent,,Defiant,405,64,66,68,50,81,76,4,0
395,Empoleon,water,steel,Torrent,,Defiant,530,84,86,88,60,111,101,4,0
396,Starly,normal,flying,KeenEye,,Reckless,245,40,55,30,60,30,30,4,0
397,Staravia,normal,flying,Intimidate,,Reckless,340,55,75,50,80,40,40,4,0
398,Staraptor,normal,flying,Intimidate,,Reckless,485,85,120,70,100,50,60,4,0
399,Bidoof,normal,,Simple,Unaware,Moody,250,59,45,40,31,35,40,4,0
400,Bibarel,normal,water,Simple,Unaware,Moody,410,79,85,60,71,55,60,4,0
401,Kricketot,bug,,ShedSkin,,RunAway,194,37,25,41,25,25,41,4,0
402,Kricketune,bug,,Swarm,,Technician,384,77,85,51,65,55,51,4,0
403,Shinx,electric,,Rivalry,Intimidate,Guts,263,45,65,34,45,40,34,4,0
404,Luxio,electric,,Rivalry,Intimidate,Guts,363,60,85,49,60,60,49,4,0
405,Luxray,electric,,Rivalry,Intimidate,Guts,523,80,120,79,70,95,79,4,0
406,Budew,grass,poison,NaturalCure,PoisonPoint,LeafGuard,280,40,30,35,55,50,70,4,0
407,Roserade,grass,poison,NaturalCure,PoisonPoint,Technician,515,60,70,65,90,125,105,4,0
408,Cranidos,rock,,MoldBreaker,,SheerForce,350,67,125,40,58,30,30,4,0
409,Rampardos,rock,,MoldBreaker,,SheerForce,495,97,165,60,58,65,50,4,0
410,Shieldon,rock,steel,Sturdy,,Soundproof,350,30,42,118,30,42,88,4,0
411,Bastiodon,rock,steel,Sturdy,,Soundproof,495,60,52,168,30,47,138,4,0
412,Burmy,bug,,ShedSkin,,Overcoat,224,40,29,45,36,29,45,4,0
413,Wormadam,bug,grass,Anticipation,,Overcoat,424,60,69,95,36,69,95,4,0
414,Mothim,bug,flying,Swarm,,TintedLens,424,70,94,50,66,94,50,4,0
415,Combee,bug,flying,HoneyGather,,Hustle,244,30,30,42,70,30,42,4,0
416,Vespiquen,bug,flying,Pressure,,Unnerve,474,70,80,102,40,80,102,4,0
417,Pachirisu,electric,,RunAway,Pickup,VoltAbsorb,405,60,45,70,95,45,90,4,0
418,Buizel,water,,SwiftSwim,,WaterVeil,330,55,65,35,85,60,30,4,0
419,Floatzel,water,,SwiftSwim,,WaterVeil,495,85,105,55,115,85,50,4,0
420,Cherubi,grass,,Chlorophyll,,,275,45,35,45,35,62,53,4,0
421,Cherrim,grass,,FlowerGift,,,450,70,60,70,85,87,78,4,0
422,Shellos,water,,StickyHold,StormDrain,SandForce,325,76,48,48,34,57,62,4,0
423,Gastrodon,water,ground,StickyHold,StormDrain,SandForce,475,111,83,68,39,92,82,4,0
424,Ambipom,normal,,Technician,Pickup,SkillLink,482,75,100,66,115,60,66,4,0
425,Drifloon,ghost,flying,Aftermath,Unburden,FlareBoost,348,90,50,34,70,60,44,4,0
426,Drifblim,ghost,flying,Aftermath,Unburden,FlareBoost,498,150,80,44,80,90,54,4,0
427,Buneary,normal,,RunAway,Klutz,Limber,350,55,66,44,85,44,56,4,0
428,Lopunny,normal,,CuteCharm,Klutz,Limber,580,65,136,94,135,54,96,4,0
429,Mismagius,ghost,,Levitate,,,495,60,60,60,105,105,105,4,0
430,Honchkrow,dark,flying,Insomnia,SuperLuck,Moxie,505,100,125,52,71,105,52,4,0
431,Glameow,normal,,Limber,OwnTempo,KeenEye,310,49,55,42,85,42,37,4,0
432,Purugly,normal,,ThickFat,OwnTempo,Defiant,452,71,82,64,112,64,59,4,0
433,Chingling,psychic,,Levitate,,,285,45,30,50,45,65,50,4,0
434,Stunky,poison,dark,Stench,Aftermath,KeenEye,329,63,63,47,74,41,41,4,0
435,Skuntank,poison,dark,Stench,Aftermath,KeenEye,479,103,93,67,84,71,61,4,0
436,Bronzor,steel,psychic,Levitate,Heatproof,HeavyMetal,300,57,24,86,23,24,86,4,0
437,Bronzong,steel,psychic,Levitate,Heatproof,HeavyMetal,500,67,89,116,33,79,116,4,0
438,Bonsly,rock,,Sturdy,RockHead,Rattled,290,50,80,95,10,10,45,4,0
439,Mime Jr.,psychic,fairy,Soundproof,Filter,Technician,310,20,25,45,60,70,90,4,0
440,Happiny,normal,,NaturalCure,SereneGrace,FriendGuard,220,100,5,5,30,15,65,4,0
441,Chatot,normal,flying,KeenEye,TangledFeet,BigPecks,411,76,65,45,91,92,42,4,0
442,Spiritomb,ghost,dark,Pressure,,Infiltrator,485,50,92,108,35,92,108,4,0
443,Gible,dragon,ground,SandVeil,,RoughSkin,300,58,70,45,42,40,45,4,0
444,Gabite,dragon,ground,SandVeil,,RoughSkin,410,68,90,65,82,50,55,4,0
445,Garchomp,dragon,ground,SandVeil,,RoughSkin,700,108,170,115,92,120,95,4,0
446,Munchlax,normal,,Pickup,ThickFat,Gluttony,390,135,85,40,5,40,85,4,0
447,Riolu,fighting,,Steadfast,InnerFocus,Prankster,285,40,70,40,60,35,40,4,0
448,Lucario,fighting,steel,Steadfast,InnerFocus,Justified,625,70,145,88,112,140,70,4,0
449,Hippopotas,ground,,SandStream,,SandForce,330,68,72,78,32,38,42,4,0
450,Hippowdon,ground,,SandStream,,SandForce,525,108,112,118,47,68,72,4,0
451,Skorupi,poison,bug,BattleArmor,Sniper,KeenEye,330,40,50,90,65,30,55,4,0
452,Drapion,poison,dark,BattleArmor,Sniper,KeenEye,500,70,90,110,95,60,75,4,0
453,Croagunk,poison,fighting,Anticipation,DrySkin,PoisonTouch,300,48,61,40,50,61,40,4,0
454,Toxicroak,poison,fighting,Anticipation,DrySkin,PoisonTouch,490,83,106,65,85,86,65,4,0
455,Carnivine,grass,,Levitate,,,454,74,100,72,46,90,72,4,0
456,Finneon,water,,SwiftSwim,StormDrain,WaterVeil,330,49,49,56,66,49,61,4,0
457,Lumineon,water,,SwiftSwim,StormDrain,WaterVeil,460,69,69,76,91,69,86,4,0
458,Mantyke,water,flying,SwiftSwim,WaterAbsorb,WaterVeil,345,45,20,50,50,60,120,4,0
459,Snover,grass,ice,SnowWarning,,Soundproof,334,60,62,50,40,62,60,4,0
460,Abomasnow,grass,ice,SnowWarning,,Soundproof,594,90,132,105,30,132,105,4,0
461,Weavile,dark,ice,Pressure,,Pickpocket,510,70,120,65,125,45,85,4,0
462,Magnezone,electric,steel,MagnetPull,Sturdy,Analytic,535,70,70,115,60,130,90,4,0
463,Lickilicky,normal,,OwnTempo,Oblivious,CloudNine,515,110,85,95,50,80,95,4,0
464,Rhyperior,ground,rock,Lightningrod,SolidRock,Reckless,535,115,140,130,40,55,55,4,0
465,Tangrowth,grass,,Chlorophyll,LeafGuard,Regenerator,535,100,100,125,50,110,50,4,0
466,Electivire,electric,,MotorDrive,,VitalSpirit,540,75,123,67,95,95,85,4,0
467,Magmortar,fire,,FlameBody,,VitalSpirit,540,75,95,67,83,125,95,4,0
468,Togekiss,fairy,flying,Hustle,SereneGrace,SuperLuck,545,85,50,95,80,120,115,4,0
469,Yanmega,bug,flying,SpeedBoost,TintedLens,Frisk,515,86,76,86,95,116,56,4,0
470,Leafeon,grass,,LeafGuard,,Chlorophyll,525,65,110,130,95,60,65,4,0
471,Glaceon,ice,,SnowCloak,,IceBody,525,65,60,110,65,130,95,4,0
472,Gliscor,ground,flying,HyperCutter,SandVeil,PoisonHeal,510,75,95,125,95,45,75,4,0
473,Mamoswine,ice,ground,Oblivious,SnowCloak,ThickFat,530,110,130,80,80,70,60,4,0
474,Porygon-Z,normal,,Adaptability,Download,Analytic,535,85,80,70,90,135,75,4,0
475,Gallade,psychic,fighting,Steadfast,,Justified,618,68,165,95,110,65,115,4,0
476,Probopass,rock,steel,Sturdy,MagnetPull,SandForce,525,60,55,145,40,75,150,4,0
477,Dusknoir,ghost,,Pressure,,Frisk,525,45,100,135,45,65,135,4,0
478,Froslass,ice,ghost,SnowCloak,,CursedBody,480,70,80,70,110,80,70,4,0
479,Rotom,electric,ghost,Levitate,,,520,50,65,107,86,105,107,4,0
480,Uxie,psychic,,Levitate,,,580,75,75,130,95,75,130,4,1
481,Mesprit,psychic,,Levitate,,,580,80,105,105,80,105,105,4,1
482,Azelf,psychic,,Levitate,,,580,75,125,70,115,125,70,4,1
483,Dialga,steel,dragon,Pressure,,Telepathy,680,100,120,120,90,150,100,4,1
484,Palkia,water,dragon,Pressure,,Telepathy,680,90,120,100,100,150,120,4,1
485,Heatran,fire,steel,FlashFire,,FlameBody,600,91,90,106,77,130,106,4,1
486,Regigigas,normal,,SlowStart,,,670,110,160,110,100,80,110,4,1
487,Giratina,ghost,dragon,Pressure,Telepathy,Levitate,680,150,120,100,90,120,100,4,1
488,Cresselia,psychic,,Levitate,,,600,120,70,120,85,75,130,4,1
489,Phione,water,,Hydration,,,480,80,80,80,80,80,80,4,0
490,Manaphy,water,,Hydration,,,600,100,100,100,100,100,100,4,1
491,Darkrai,dark,,BadDreams,,,600,70,90,90,125,135,90,4,1
492,Shaymin,grass,grass,NaturalCure,,SereneGrace,600,100,103,75,127,120,75,4,1
493,Arceus,normal,,Multitype,,,720,120,120,120,120,120,120,4,1
494,Victini,psychic,fire,VictoryStar,,,600,100,100,100,100,100,100,5,1
495,Snivy,grass,,Overgrow,,Contrary,308,45,45,55,63,45,55,5,0
496,Servine,grass,,Overgrow,,Contrary,413,60,60,75,83,60,75,5,0
497,Serperior,grass,,Overgrow,,Contrary,528,75,75,95,113,75,95,5,0
498,Tepig,fire,,Blaze,,ThickFat,308,65,63,45,45,45,45,5,0
499,Pignite,fire,fighting,Blaze,,ThickFat,418,90,93,55,55,70,55,5,0
500,Emboar,fire,fighting,Blaze,,Reckless,528,110,123,65,65,100,65,5,0
501,Oshawott,water,,Torrent,,ShellArmor,308,55,55,45,45,63,45,5,0
502,Dewott,water,,Torrent,,ShellArmor,413,75,75,60,60,83,60,5,0
503,Samurott,water,,Torrent,,ShellArmor,528,95,100,85,70,108,70,5,0
504,Patrat,normal,,RunAway,KeenEye,Analytic,255,45,55,39,42,35,39,5,0
505,Watchog,normal,,Illuminate,KeenEye,Analytic,420,60,85,69,77,60,69,5,0
506,Lillipup,normal,,VitalSpirit,Pickup,RunAway,275,45,60,45,55,25,45,5,0
507,Herdier,normal,,Intimidate,SandRush,Scrappy,370,65,80,65,60,35,65,5,0
508,Stoutland,normal,,Intimidate,SandRush,Scrappy,500,85,110,90,80,45,90,5,0
509,Purrloin,dark,,Limber,Unburden,Prankster,281,41,50,37,66,50,37,5,0
510,Liepard,dark,,Limber,Unburden,Prankster,446,64,88,50,106,88,50,5,0
511,Pansage,grass,,Gluttony,,Overgrow,316,50,53,48,64,53,48,5,0
512,Simisage,grass,,Gluttony,,Overgrow,498,75,98,63,101,98,63,5,0
513,Pansear,fire,,Gluttony,,Blaze,316,50,53,48,64,53,48,5,0
514,Simisear,fire,,Gluttony,,Blaze,498,75,98,63,101,98,63,5,0
515,Panpour,water,,Gluttony,,Torrent,316,50,53,48,64,53,48,5,0
516,Simipour,water,,Gluttony,,Torrent,498,75,98,63,101,98,63,5,0
517,Munna,psychic,,Forewarn,Synchronize,Telepathy,292,76,25,45,24,67,55,5,0
518,Musharna,psychic,,Forewarn,Synchronize,Telepathy,487,116,55,85,29,107,95,5,0
519,Pidove,normal,flying,BigPecks,SuperLuck,Rivalry,264,50,55,50,43,36,30,5,0
520,Tranquill,normal,flying,BigPecks,SuperLuck,Rivalry,358,62,77,62,65,50,42,5,0
521,Unfezant,normal,flying,BigPecks,SuperLuck,Rivalry,488,80,115,80,93,65,55,5,0
522,Blitzle,electric,,Lightningrod,MotorDrive,SapSipper,295,45,60,32,76,50,32,5,0
523,Zebstrika,electric,,Lightningrod,MotorDrive,SapSipper,497,75,100,63,116,80,63,5,0
524,Roggenrola,rock,,Sturdy,WeakArmor,SandForce,280,55,75,85,15,25,25,5,0
525,Boldore,rock,,Sturdy,WeakArmor,SandForce,390,70,105,105,20,50,40,5,0
526,Gigalith,rock,,Sturdy,SandStream,SandForce,515,85,135,130,25,60,80,5,0
527,Woobat,psychic,flying,Unaware,Klutz,Simple,323,65,45,43,72,55,43,5,0
528,Swoobat,psychic,flying,Unaware,Klutz,Simple,425,67,57,55,114,77,55,5,0
529,Drilbur,ground,,SandRush,SandForce,MoldBreaker,328,60,85,40,68,30,45,5,0
530,Excadrill,ground,steel,SandRush,SandForce,MoldBreaker,508,110,135,60,88,50,65,5,0
531,Audino,normal,,Healer,Regenerator,Klutz,545,103,60,126,50,80,126,5,0
532,Timburr,fighting,,Guts,SheerForce,IronFist,305,75,80,55,35,25,35,5,0
533,Gurdurr,fighting,,Guts,SheerForce,IronFist,405,85,105,85,40,40,50,5,0
534,Conkeldurr,fighting,,Guts,SheerForce,IronFist,505,105,140,95,45,55,65,5,0
535,Tympole,water,,SwiftSwim,Hydration,WaterAbsorb,294,50,50,40,64,50,40,5,0
536,Palpitoad,water,ground,SwiftSwim,Hydration,WaterAbsorb,384,75,65,55,69,65,55,5,0
537,Seismitoad,water,ground,SwiftSwim,PoisonTouch,WaterAbsorb,509,105,95,75,74,85,75,5,0
538,Throh,fighting,,Guts,InnerFocus,MoldBreaker,465,120,100,85,45,30,85,5,0
539,Sawk,fighting,,Sturdy,InnerFocus,MoldBreaker,465,75,125,75,85,30,75,5,0
540,Sewaddle,bug,grass,Swarm,Chlorophyll,Overcoat,310,45,53,70,42,40,60,5,0
541,Swadloon,bug,grass,LeafGuard,Chlorophyll,Overcoat,380,55,63,90,42,50,80,5,0
542,Leavanny,bug,grass,Swarm,Chlorophyll,Overcoat,500,75,103,80,92,70,80,5,0
543,Venipede,bug,poison,PoisonPoint,Swarm,SpeedBoost,260,30,45,59,57,30,39,5,0
544,Whirlipede,bug,poison,PoisonPoint,Swarm,SpeedBoost,360,40,55,99,47,40,79,5,0
545,Scolipede,bug,poison,PoisonPoint,Swarm,SpeedBoost,485,60,100,89,112,55,69,5,0
546,Cottonee,grass,fairy,Prankster,Infiltrator,Chlorophyll,280,40,27,60,66,37,50,5,0
547,Whimsicott,grass,fairy,Prankster,Infiltrator,Chlorophyll,480,60,67,85,116,77,75,5,0
548,Petilil,grass,,Chlorophyll,OwnTempo,LeafGuard,280,45,35,50,30,70,50,5,0
549,Lilligant,grass,,Chlorophyll,OwnTempo,LeafGuard,480,70,60,75,90,110,75,5,0
550,Basculin,water,,Reckless,,,460,70,92,65,98,80,55,5,0
551,Sandile,ground,dark,Intimidate,Moxie,AngerPoint,292,50,72,35,65,35,35,5,0
552,Krokorok,ground,dark,Intimidate,Moxie,AngerPoint,351,60,82,45,74,45,45,5,0
553,Krookodile,ground,dark,Intimidate,Moxie,AngerPoint,519,95,117,80,92,65,70,5,0
554,Darumaka,fire,,Hustle,,InnerFocus,315,70,90,45,50,15,45,5,0
555,Darmanitan,fire,fire,SheerForce,,ZenMode,540,105,30,105,55,140,105,5,0
556,Maractus,grass,,WaterAbsorb,Chlorophyll,StormDrain,461,75,86,67,60,106,67,5,0
557,Dwebble,bug,rock,Sturdy,ShellArmor,WeakArmor,325,50,65,85,55,35,35,5,0
558,Crustle,bug,rock,Sturdy,ShellArmor,WeakArmor,485,70,105,125,45,65,75,5,0
559,Scraggy,dark,fighting,ShedSkin,Moxie,Intimidate,348,50,75,70,48,35,70,5,0
560,Scrafty,dark,fighting,ShedSkin,Moxie,Intimidate,488,65,90,115,58,45,115,5,0
561,Sigilyph,psychic,flying,WonderSkin,MagicGuard,TintedLens,490,72,58,80,97,103,80,5,0
562,Yamask,ghost,,Mummy,,,303,38,30,85,30,55,65,5,0
563,Cofagrigus,ghost,,Mummy,,,483,58,50,145,30,95,105,5,0
564,Tirtouga,water,rock,SolidRock,Sturdy,SwiftSwim,355,54,78,103,22,53,45,5,0
565,Carracosta,water,rock,SolidRock,Sturdy,SwiftSwim,495,74,108,133,32,83,65,5,0
566,Archen,rock,flying,Defeatist,,,401,55,112,45,70,74,45,5,0
567,Archeops,rock,flying,Defeatist,,,567,75,140,65,110,112,65,5,0
568,Trubbish,poison,,Stench,StickyHold,Aftermath,329,50,50,62,65,40,62,5,0
569,Garbodor,poison,,Stench,WeakArmor,Aftermath,474,80,95,82,75,60,82,5,0
570,Zorua,dark,,Illusion,,,330,40,65,40,65,80,40,5,0
571,Zoroark,dark,,Illusion,,,510,60,105,60,105,120,60,5,0
572,Minccino,normal,,CuteCharm,Technician,SkillLink,300,55,50,40,75,40,40,5,0
573,Cinccino,normal,,CuteCharm,Technician,SkillLink,470,75,95,60,115,65,60,5,0
574,Gothita,psychic,,Frisk,Competitive,ShadowTag,290,45,30,50,45,55,65,5,0
575,Gothorita,psychic,,Frisk,Competitive,ShadowTag,390,60,45,70,55,75,85,5,0
576,Gothitelle,psychic,,Frisk,Competitive,ShadowTag,490,70,55,95,65,95,110,5,0
577,Solosis,psychic,,Overcoat,MagicGuard,Regenerator,290,45,30,40,20,105,50,5,0
578,Duosion,psychic,,Overcoat,MagicGuard,Regenerator,370,65,40,50,30,125,60,5,0
579,Reuniclus,psychic,,Overcoat,MagicGuard,Regenerator,490,110,65,75,30,125,85,5,0
580,Ducklett,water,flying,KeenEye,BigPecks,Hydration,305,62,44,50,55,44,50,5,0
581,Swanna,water,flying,KeenEye,BigPecks,Hydration,473,75,87,63,98,87,63,5,0
582,Vanillite,ice,,IceBody,SnowCloak,WeakArmor,305,36,50,50,44,65,60,5,0
583,Vanillish,ice,,IceBody,SnowCloak,WeakArmor,395,51,65,65,59,80,75,5,0
584,Vanilluxe,ice,,IceBody,SnowWarning,WeakArmor,535,71,95,85,79,110,95,5,0
585,Deerling,normal,grass,Chlorophyll,SapSipper,SereneGrace,335,60,60,50,75,40,50,5,0
586,Sawsbuck,normal,grass,Chlorophyll,SapSipper,SereneGrace,475,80,100,70,95,60,70,5,0
587,Emolga,electric,flying,Static,,MotorDrive,428,55,75,60,103,75,60,5,0
588,Karrablast,bug,,Swarm,ShedSkin,NoGuard,315,50,75,45,60,40,45,5,0
589,Escavalier,bug,steel,Swarm,ShellArmor,Overcoat,495,70,135,105,20,60,105,5,0
590,Foongus,grass,poison,EffectSpore,,Regenerator,294,69,55,45,15,55,55,5,0
591,Amoonguss,grass,poison,EffectSpore,,Regenerator,464,114,85,70,30,85,80,5,0
592,Frillish,water,ghost,WaterAbsorb,CursedBody,Damp,335,55,40,50,40,65,85,5,0
593,Jellicent,water,ghost,WaterAbsorb,CursedBody,Damp,480,100,60,70,60,85,105,5,0
594,Alomomola,water,,Healer,Hydration,Regenerator,470,165,75,80,65,40,45,5,0
595,Joltik,bug,electric,Compoundeyes,Unnerve,Swarm,319,50,47,50,65,57,50,5,0
596,Galvantula,bug,electric,Compoundeyes,Unnerve,Swarm,472,70,77,60,108,97,60,5,0
597,Ferroseed,grass,steel,IronBarbs,,,305,44,50,91,10,24,86,5,0
598,Ferrothorn,grass,steel,IronBarbs,,Anticipation,489,74,94,131,20,54,116,5,0
599,Klink,steel,,Plus,Minus,ClearBody,300,40,55,70,30,45,60,5,0
600,Klang,steel,,Plus,Minus,ClearBody,440,60,80,95,50,70,85,5,0
601,Klinklang,steel,,Plus,Minus,ClearBody,520,60,100,115,90,70,85,5,0
602,Tynamo,electric,,Levitate,,,275,35,55,40,60,45,40,5,0
603,Eelektrik,electric,,Levitate,,,405,65,85,70,40,75,70,5,0
604,Eelektross,electric,,Levitate,,,515,85,115,80,50,105,80,5,0
605,Elgyem,psychic,,Telepathy,Synchronize,Analytic,335,55,55,55,30,85,55,5,0
606,Beheeyem,psychic,,Telepathy,Synchronize,Analytic,485,75,75,75,40,125,95,5,0
607,Litwick,ghost,fire,FlashFire,FlameBody,Infiltrator,275,50,30,55,20,65,55,5,0
608,Lampent,ghost,fire,FlashFire,FlameBody,Infiltrator,370,60,40,60,55,95,60,5,0
609,Chandelure,ghost,fire,FlashFire,FlameBody,Infiltrator,520,60,55,90,80,145,90,5,0
610,Axew,dragon,,Rivalry,MoldBreaker,Unnerve,320,46,87,60,57,30,40,5,0
611,Fraxure,dragon,,Rivalry,MoldBreaker,Unnerve,410,66,117,70,67,40,50,5,0
612,Haxorus,dragon,,Rivalry,MoldBreaker,Unnerve,540,76,147,90,97,60,70,5,0
613,Cubchoo,ice,,SnowCloak,SlushRush,Rattled,305,55,70,40,40,60,40,5,0
614,Beartic,ice,,SnowCloak,SlushRush,SwiftSwim,505,95,130,80,50,70,80,5,0
615,Cryogonal,ice,,Levitate,,,515,80,50,50,105,95,135,5,0
616,Shelmet,bug,,Hydration,ShellArmor,Overcoat,305,50,40,85,25,40,65,5,0
617,Accelgor,bug,,Hydration,StickyHold,Unburden,495,80,70,40,145,100,60,5,0
618,Stunfisk,ground,electric,Static,Limber,SandVeil,471,109,66,84,32,81,99,5,0
619,Mienfoo,fighting,,InnerFocus,Regenerator,Reckless,350,45,85,50,65,55,50,5,0
620,Mienshao,fighting,,InnerFocus,Regenerator,Reckless,510,65,125,60,105,95,60,5,0
621,Druddigon,dragon,,RoughSkin,SheerForce,MoldBreaker,485,77,120,90,48,60,90,5,0
622,Golett,ground,ghost,IronFist,Klutz,NoGuard,303,59,74,50,35,35,50,5,0
623,Golurk,ground,ghost,IronFist,Klutz,NoGuard,483,89,124,80,55,55,80,5,0
624,Pawniard,dark,steel,Defiant,InnerFocus,Pressure,340,45,85,70,60,40,40,5,0
625,Bisharp,dark,steel,Defiant,InnerFocus,Pressure,490,65,125,100,70,60,70,5,0
626,Bouffalant,normal,,Reckless,SapSipper,Soundproof,490,95,110,95,55,40,95,5,0
627,Rufflet,normal,flying,KeenEye,SheerForce,Hustle,350,70,83,50,60,37,50,5,0
628,Braviary,normal,flying,KeenEye,SheerForce,Defiant,510,100,123,75,80,57,75,5,0
629,Vullaby,dark,flying,BigPecks,Overcoat,WeakArmor,370,70,55,75,60,45,65,5,0
630,Mandibuzz,dark,flying,BigPecks,Overcoat,WeakArmor,510,110,65,105,80,55,95,5,0
631,Heatmor,fire,,Gluttony,FlashFire,WhiteSmoke,484,85,97,66,65,105,66,5,0
632,Durant,bug,steel,Swarm,Hustle,Truant,484,58,109,112,109,48,48,5,0
633,Deino,dark,dragon,Hustle,,,300,52,65,50,38,45,50,5,0
634,Zweilous,dark,dragon,Hustle,,,420,72,85,70,58,65,70,5,0
635,Hydreigon,dark,dragon,Levitate,,,600,92,105,90,98,125,90,5,0
636,Larvesta,bug,fire,FlameBody,,Swarm,360,55,85,55,60,50,55,5,0
637,Volcarona,bug,fire,FlameBody,,Swarm,550,85,60,65,100,135,105,5,0
638,Cobalion,steel,fighting,Justified,,,580,91,90,129,108,90,72,5,1
639,Terrakion,rock,fighting,Justified,,,580,91,129,90,108,72,90,5,1
640,Virizion,grass,fighting,Justified,,,580,91,90,72,108,90,129,5,1
641,Tornadus,flying,,Prankster,Defiant,Regenerator,580,79,100,80,121,110,90,5,1
642,Thundurus,electric,flying,Prankster,Defiant,VoltAbsorb,580,79,105,70,101,145,80,5,1
643,Reshiram,dragon,fire,Turboblaze,,,680,100,120,100,90,150,120,5,1
644,Zekrom,dragon,electric,Teravolt,,,680,100,150,120,90,120,100,5,1
645,Landorus,ground,flying,SandForce,SheerForce,Intimidate,600,89,145,90,91,105,80,5,1
646,Kyurem,dragon,ice,Pressure,Teravolt,Turboblaze,700,125,120,90,95,170,100,5,1
647,Keldeo,water,fighting,Justified,,,580,91,72,90,108,129,90,5,1
648,Meloetta,normal,psychic,SereneGrace,,,600,100,128,90,128,77,77,5,1
649,Genesect,bug,steel,Download,,,600,71,120,95,99,120,95,5,1
650,Chespin,grass,,Overgrow,,Bulletproof,313,56,61,65,38,48,45,6,0
651,Quilladin,grass,,Overgrow,,Bulletproof,405,61,78,95,57,56,58,6,0
652,Chesnaught,grass,fighting,Overgrow,,Bulletproof,530,88,107,122,64,74,75,6,0
653,Fennekin,fire,,Blaze,,Magician,307,40,45,40,60,62,60,6,0
654,Braixen,fire,,Blaze,,Magician,409,59,59,58,73,90,70,6,0
655,Delphox,fire,psychic,Blaze,,Magician,534,75,69,72,104,114,100,6,0
656,Froakie,water,,Torrent,,Protean,314,41,56,40,71,62,44,6,0
657,Frogadier,water,,Torrent,,Protean,405,54,63,52,97,83,56,6,0
658,Greninja,water,dark,Torrent,Protean,BattleBond,640,72,145,67,132,153,71,6,0
659,Bunnelby,normal,,Pickup,CheekPouch,HugePower,237,38,36,38,57,32,36,6,0
660,Diggersby,normal,ground,Pickup,CheekPouch,HugePower,423,85,56,77,78,50,77,6,0
661,Fletchling,normal,flying,BigPecks,,GaleWings,278,45,50,43,62,40,38,6,0
662,Fletchinder,fire,flying,FlameBody,,GaleWings,382,62,73,55,84,56,52,6,0
663,Talonflame,fire,flying,FlameBody,,GaleWings,499,78,81,71,126,74,69,6,0
664,Scatterbug,bug,,ShieldDust,Compoundeyes,FriendGuard,200,38,35,40,35,27,25,6,0
665,Spewpa,bug,,ShedSkin,,FriendGuard,213,45,22,60,29,27,30,6,0
666,Vivillon,bug,flying,ShieldDust,Compoundeyes,FriendGuard,411,80,52,50,89,90,50,6,0
667,Litleo,fire,normal,Rivalry,Unnerve,Moxie,369,62,50,58,72,73,54,6,0
668,Pyroar,fire,normal,Rivalry,Unnerve,Moxie,507,86,68,72,106,109,66,6,0
669,FlabÃ©bÃ©,fairy,,FlowerVeil,,Symbiosis,303,44,38,39,42,61,79,6,0
670,Floette,fairy,,FlowerVeil,,Symbiosis,551,74,65,67,92,125,128,6,0
671,Florges,fairy,,FlowerVeil,,Symbiosis,552,78,65,68,75,112,154,6,0
672,Skiddo,grass,,SapSipper,,GrassPelt,350,66,65,48,52,62,57,6,0
673,Gogoat,grass,,SapSipper,,GrassPelt,531,123,100,62,68,97,81,6,0
674,Pancham,fighting,,IronFist,MoldBreaker,Scrappy,348,67,82,62,43,46,48,6,0
675,Pangoro,fighting,dark,IronFist,MoldBreaker,Scrappy,495,95,124,78,58,69,71,6,0
676,Furfrou,normal,,FurCoat,,,472,75,80,60,102,65,90,6,0
677,Espurr,psychic,,KeenEye,Infiltrator,OwnTempo,355,62,48,54,68,63,60,6,0
678,Meowstic,psychic,,KeenEye,,,466,74,48,76,104,83,81,6,0
679,Honedge,steel,ghost,NoGuard,,,325,45,80,100,28,35,37,6,0
680,Doublade,steel,ghost,NoGuard,,,448,59,110,150,35,45,49,6,0
681,Aegislash,steel,ghost,StanceChange,,,520,60,150,50,60,150,50,6,0
682,Spritzee,fairy,,Healer,,AromaVeil,341,78,52,60,23,63,65,6,0
683,Aromatisse,fairy,,Healer,,AromaVeil,462,101,72,72,29,99,89,6,0
684,Swirlix,fairy,,SweetVeil,,Unburden,341,62,48,66,49,59,57,6,0
685,Slurpuff,fairy,,SweetVeil,,Unburden,480,82,80,86,72,85,75,6,0
686,Inkay,dark,psychic,Contrary,SuctionCups,Infiltrator,288,53,54,53,45,37,46,6,0
687,Malamar,dark,psychic,Contrary,SuctionCups,Infiltrator,482,86,92,88,73,68,75,6,0
688,Binacle,rock,water,ToughClaws,Sniper,Pickpocket,306,42,52,67,50,39,56,6,0
689,Barbaracle,rock,water,ToughClaws,Sniper,Pickpocket,500,72,105,115,68,54,86,6,0
690,Skrelp,poison,water,PoisonPoint,PoisonTouch,Adaptability,320,50,60,60,30,60,60,6,0
691,Dragalge,poison,dragon,PoisonPoint,PoisonTouch,Adaptability,494,65,75,90,44,97,123,6,0
692,Clauncher,water,,MegaLauncher,,,330,50,53,62,44,58,63,6,0
693,Clawitzer,water,,MegaLauncher,,,500,71,73,88,59,120,89,6,0
694,Helioptile,electric,normal,DrySkin,SandVeil,SolarPower,289,44,38,33,70,61,43,6,0
695,Heliolisk,electric,normal,DrySkin,SandVeil,SolarPower,481,62,55,52,109,109,94,6,0
696,Tyrunt,rock,dragon,StrongJaw,,Sturdy,362,58,89,77,48,45,45,6,0
697,Tyrantrum,rock,dragon,StrongJaw,,RockHead,521,82,121,119,71,69,59,6,0
698,Amaura,rock,ice,Refrigerate,,SnowWarning,362,77,59,50,46,67,63,6,0
699,Aurorus,rock,ice,Refrigerate,,SnowWarning,521,123,77,72,58,99,92,6,0
700,Sylveon,fairy,,CuteCharm,,Pixilate,525,95,65,65,60,110,130,6,0
701,Hawlucha,fighting,flying,Limber,Unburden,MoldBreaker,500,78,92,75,118,74,63,6,0
702,Dedenne,electric,fairy,CheekPouch,Pickup,Plus,431,67,58,57,101,81,67,6,0
703,Carbink,rock,fairy,ClearBody,,Sturdy,500,50,50,150,50,50,150,6,0
704,Goomy,dragon,,SapSipper,Hydration,Gooey,300,45,50,35,40,55,75,6,0
705,Sliggoo,dragon,,SapSipper,Hydration,Gooey,452,68,75,53,60,83,113,6,0
706,Goodra,dragon,,SapSipper,Hydration,Gooey,600,90,100,70,80,110,150,6,0
707,Klefki,steel,fairy,Prankster,,Magician,470,57,80,91,75,80,87,6,0
708,Phantump,ghost,grass,NaturalCure,Frisk,Harvest,309,43,70,48,38,50,60,6,0
709,Trevenant,ghost,grass,NaturalCure,Frisk,Harvest,474,85,110,76,56,65,82,6,0
710,Pumpkaboo,ghost,grass,Pickup,Frisk,Insomnia,335,59,66,70,41,44,55,6,0
711,Gourgeist,ghost,grass,Pickup,Frisk,Insomnia,494,85,100,122,54,58,75,6,0
712,Bergmite,ice,,OwnTempo,IceBody,Sturdy,304,55,69,85,28,32,35,6,0
713,Avalugg,ice,,OwnTempo,IceBody,Sturdy,514,95,117,184,28,44,46,6,0
714,Noibat,flying,dragon,Frisk,Infiltrator,Telepathy,245,40,30,35,55,45,40,6,0
715,Noivern,flying,dragon,Frisk,Infiltrator,Telepathy,535,85,70,80,123,97,80,6,0
716,Xerneas,fairy,,FairyAura,,,680,126,131,95,99,131,98,6,1
717,Yveltal,dark,flying,DarkAura,,,680,126,131,95,99,131,98,6,1
718,Zygarde,dragon,ground,AuraBreak,,PowerConstruct,708,216,100,121,85,91,95,6,1
719,Diancie,rock,fairy,ClearBody,,,700,50,160,110,110,160,110,6,1
720,Hoopa,psychic,ghost,Magician,,,680,80,160,60,80,170,130,6,1
721,Volcanion,fire,water,WaterAbsorb,,,600,80,110,120,70,130,90,6,1
722,Rowlet,grass,flying,Overgrow,,LongReach,320,68,55,55,42,50,50,7,0
723,Dartrix,grass,flying,Overgrow,,LongReach,420,78,75,75,52,70,70,7,0
724,Decidueye,grass,ghost,Overgrow,,LongReach,530,78,107,75,70,100,100,7,0
725,Litten,fire,,Blaze,,Intimidate,320,45,65,40,70,60,40,7,0
726,Torracat,fire,,Blaze,,Intimidate,420,65,85,50,90,80,50,7,0
727,Incineroar,fire,dark,Blaze,,Intimidate,530,95,115,90,60,80,90,7,0
728,Popplio,water,,Torrent,,LiquidVoice,320,50,54,54,40,66,56,7,0
729,Brionne,water,,Torrent,,LiquidVoice,420,60,69,69,50,91,81,7,0
730,Primarina,water,fairy,Torrent,,LiquidVoice,530,80,74,74,60,126,116,7,0
731,Pikipek,normal,flying,KeenEye,SkillLink,Pickup,265,35,75,30,65,30,30,7,0
732,Trumbeak,normal,flying,KeenEye,SkillLink,Pickup,355,55,85,50,75,40,50,7,0
733,Toucannon,normal,flying,KeenEye,SkillLink,SheerForce,485,80,120,75,60,75,75,7,0
734,Yungoos,normal,,Stakeout,StrongJaw,Adaptability,253,48,70,30,45,30,30,7,0
735,Gumshoos,normal,,Stakeout,StrongJaw,Adaptability,418,88,110,60,45,55,60,7,0
736,Grubbin,bug,,Swarm,,,300,47,62,45,46,55,45,7,0
737,Charjabug,bug,electric,Battery,,,400,57,82,95,36,55,75,7,0
738,Vikavolt,bug,electric,Levitate,,,500,77,70,90,43,145,75,7,0
739,Crabrawler,fighting,,HyperCutter,IronFist,AngerPoint,338,47,82,57,63,42,47,7,0
740,Crabominable,fighting,ice,HyperCutter,IronFist,AngerPoint,478,97,132,77,43,62,67,7,0
741,Oricorio,fire,flying,Dancer,,,476,75,70,70,93,98,70,7,0
742,Cutiefly,bug,fairy,HoneyGather,ShieldDust,SweetVeil,304,40,45,40,84,55,40,7,0
743,Ribombee,bug,fairy,HoneyGather,ShieldDust,SweetVeil,464,60,55,60,124,95,70,7,0
744,Rockruff,rock,,KeenEye,VitalSpirit,Steadfast,280,45,65,40,60,30,40,7,0
745,Lycanroc,rock,,KeenEye,,,487,85,115,75,82,55,75,7,0
746,Wishiwashi,water,,Schooling,,,620,45,140,130,30,140,135,7,0
747,Mareanie,poison,water,Merciless,Limber,Regenerator,305,50,53,62,45,43,52,7,0
748,Toxapex,poison,water,Merciless,Limber,Regenerator,495,50,63,152,35,53,142,7,0
749,Mudbray,ground,,OwnTempo,Stamina,InnerFocus,385,70,100,70,45,45,55,7,0
750,Mudsdale,ground,,OwnTempo,Stamina,InnerFocus,500,100,125,100,35,55,85,7,0
751,Dewpider,water,bug,WaterBubble,,WaterAbsorb,269,38,40,52,27,40,72,7,0
752,Araquanid,water,bug,WaterBubble,,WaterAbsorb,454,68,70,92,42,50,132,7,0
753,Fomantis,grass,,LeafGuard,,Contrary,250,40,55,35,35,50,35,7,0
754,Lurantis,grass,,LeafGuard,,Contrary,480,70,105,90,45,80,90,7,0
755,Morelull,grass,fairy,Illuminate,EffectSpore,RainDish,285,40,35,55,15,65,75,7,0
756,Shiinotic,grass,fairy,Illuminate,EffectSpore,RainDish,405,60,45,80,30,90,100,7,0
757,Salandit,poison,fire,Corrosion,,Oblivious,320,48,44,40,77,71,40,7,0
758,Salazzle,poison,fire,Corrosion,,Oblivious,480,68,64,60,117,111,60,7,0
759,Stufful,normal,fighting,Fluffy,Klutz,CuteCharm,340,70,75,50,50,45,50,7,0
760,Bewear,normal,fighting,Fluffy,Klutz,Unnerve,500,120,125,80,60,55,60,7,0
761,Bounsweet,grass,,LeafGuard,Oblivious,SweetVeil,210,42,30,38,32,30,38,7,0
762,Steenee,grass,,LeafGuard,Oblivious,SweetVeil,290,52,40,48,62,40,48,7,0
763,Tsareena,grass,,LeafGuard,QueenlyMajesty,SweetVeil,510,72,120,98,72,50,98,7,0
764,Comfey,fairy,,FlowerVeil,Triage,NaturalCure,485,51,52,90,100,82,110,7,0
765,Oranguru,normal,psychic,InnerFocus,Telepathy,Symbiosis,490,90,60,80,60,90,110,7,0
766,Passimian,fighting,,Receiver,,Defiant,490,100,120,90,80,40,60,7,0
767,Wimpod,bug,water,WimpOut,,,230,25,35,40,80,20,30,7,0
768,Golisopod,bug,water,EmergencyExit,,,530,75,125,140,40,60,90,7,0
769,Sandygast,ghost,ground,WaterCompaction,,SandVeil,320,55,55,80,15,70,45,7,0
770,Palossand,ghost,ground,WaterCompaction,,SandVeil,480,85,75,110,35,100,75,7,0
771,Pyukumuku,water,,InnardsOut,,Unaware,410,55,60,130,5,30,130,7,0
772,Type: Null,normal,,BattleArmor,,,534,95,95,95,59,95,95,7,0
773,Silvally,normal,,RKSSystem,,,570,95,95,95,95,95,95,7,0
774,Minior,rock,flying,ShieldsDown,,,500,60,100,60,120,100,60,7,0
775,Komala,normal,,Comatose,,,480,65,115,65,65,75,95,7,0
776,Turtonator,fire,dragon,ShellArmor,,,485,60,78,135,36,91,85,7,0
777,Togedemaru,electric,steel,IronBarbs,Lightningrod,Sturdy,435,65,98,63,96,40,73,7,0
778,Mimikyu,ghost,fairy,Disguise,,,476,55,90,80,96,50,105,7,0
779,Bruxish,water,psychic,Dazzling,StrongJaw,WonderSkin,475,68,105,70,92,70,70,7,0
780,Drampa,normal,dragon,Berserk,SapSipper,CloudNine,485,78,60,85,36,135,91,7,0
781,Dhelmise,ghost,grass,Steelworker,,,517,70,131,100,40,86,90,7,0
782,Jangmo-o,dragon,,Bulletproof,Soundproof,Overcoat,300,45,55,65,45,45,45,7,0
783,Hakamo-o,dragon,fighting,Bulletproof,Soundproof,Overcoat,420,55,75,90,65,65,70,7,0
784,Kommo-o,dragon,fighting,Bulletproof,Soundproof,Overcoat,600,75,110,125,85,100,105,7,0
785,Tapu Koko,electric,fairy,ElectricSurge,,Telepathy,570,70,115,85,130,95,75,7,1
786,Tapu Lele,psychic,fairy,PsychicSurge,,Telepathy,570,70,85,75,95,130,115,7,1
787,Tapu Bulu,grass,fairy,GrassySurge,,Telepathy,570,70,130,115,75,85,95,7,1
788,Tapu Fini,water,fairy,MistySurge,,Telepathy,570,70,75,115,85,95,130,7,1
789,Cosmog,psychic,,Unaware,,,200,43,29,31,37,29,31,7,1
790,Cosmoem,psychic,,Sturdy,,,400,43,29,131,37,29,131,7,1
791,Solgaleo,psychic,steel,FullMetalBody,,,680,137,137,107,97,113,89,7,1
792,Lunala,psychic,ghost,ShadowShield,,,680,137,113,89,97,137,107,7,1
793,Nihilego,rock,poison,BeastBoost,,,570,109,53,47,103,127,131,7,1
794,Buzzwole,bug,fighting,BeastBoost,,,570,107,139,139,79,53,53,7,1
795,Pheromosa,bug,fighting,BeastBoost,,,570,71,137,37,151,137,37,7,1
796,Xurkitree,electric,,BeastBoost,,,570,83,89,71,83,173,71,7,1
797,Celesteela,steel,flying,BeastBoost,,,570,97,101,103,61,107,101,7,1
798,Kartana,grass,steel,BeastBoost,,,570,59,181,131,109,59,31,7,1
799,Guzzlord,dark,dragon,BeastBoost,,,570,223,101,53,43,97,53,7,1
800,Necrozma,psychic,,PrismArmor,,,600,97,107,101,79,127,89,7,1
801,Magearna,steel,fairy,Soul-Heart,,,600,80,95,115,65,130,115,7,1
10019,Rattata (Alolan),dark,normal,Gluttony,Hustle,ThickFat,253,30,56,35,72,25,35,1,0
10020,Raticate (Alolan),dark,normal,Gluttony,Hustle,ThickFat,413,75,71,70,77,40,80,1,0
10026,Raichu (Alolan),electric,psychic,SurgeSurfer,,,485,60,85,50,110,95,85,1,0
10027,Sandshrew (Alolan),ice,steel,SnowCloak,,SlushRush,300,50,75,90,40,10,35,1,0
10028,Sandslash (Alolan),ice,steel,SnowCloak,,SlushRush,450,75,100,120,65,25,65,1,0
10037,Vulpix (Alolan),ice,,SnowCloak,,SnowWarning,299,38,41,40,65,50,65,1,0
10038,Ninetales (Alolan),ice,fairy,SnowCloak,,SnowWarning,505,73,67,75,109,81,100,1,0
10050,Diglett (Alolan),ground,steel,SandVeil,TanglingHair,SandForce,265,10,55,30,90,35,45,1,0
10051,Dugtrio (Alolan),ground,steel,SandVeil,TanglingHair,SandForce,425,35,100,60,110,50,70,1,0
10052,Meowth (Alolan),dark,,Pickup,Technician,Rattled,290,40,35,35,90,50,40,1,0
10053,Persian (Alolan),dark,,FurCoat,Technician,Rattled,440,65,60,60,115,75,65,1,0
10074,Geodude (Alolan),rock,electric,MagnetPull,Sturdy,Galvanize,300,40,80,100,20,30,30,1,0
10075,Graveler (Alolan),rock,electric,MagnetPull,Sturdy,Galvanize,390,55,95,115,35,45,45,1,0
10076,Golem (Alolan),rock,electric,MagnetPull,Sturdy,Galvanize,495,80,120,130,45,55,65,1,0
10088,Grimer (Alolan),poison,dark,PoisonTouch,Gluttony,PowerofAlchemy,325,80,80,50,25,40,50,1,0
10089,Muk (Alolan),poison,dark,PoisonTouch,Gluttony,PowerofAlchemy,500,105,105,75,50,65,100,1,0
10103,Exeggutor (Alolan),grass,dragon,Frisk,,Harvest,530,95,105,85,45,125,75,1,0
10105,Marowak (Alolan),fire,ghost,CursedBody,Lightningrod,RockHead,425,60,80,110,45,50,80,1,0
